2022-03-08 14:17:46,0,645.6030,0.43,train
2022-03-08 14:17:46,0,0.5330,0.98,val
2022-03-08 14:17:48,1,0.3912,3.89,train
2022-03-08 14:17:48,1,0.1041,13.46,val
2022-03-08 14:17:50,2,0.0931,13.69,train
2022-03-08 14:17:50,2,0.0867,11.70,val
2022-03-08 14:17:51,3,0.0899,11.03,train
2022-03-08 14:17:51,3,0.0904,12.02,val
2022-03-08 14:17:53,4,0.0803,12.84,train
2022-03-08 14:17:53,4,0.0654,16.38,val
2022-03-08 14:17:55,5,0.0881,16.04,train
2022-03-08 14:17:55,5,0.1125,13.59,val
2022-03-08 14:17:56,6,0.0812,16.82,train
2022-03-08 14:17:56,6,0.0820,17.01,val
2022-03-08 14:17:58,7,0.0786,15.94,train
2022-03-08 14:17:58,7,0.1447,12.75,val
2022-03-08 14:17:59,8,0.0872,17.92,train
2022-03-08 14:17:59,8,0.0749,14.94,val
2022-03-08 14:18:00,9,0.0853,15.40,train
2022-03-08 14:18:00,9,0.0773,14.45,val
2022-03-08 14:18:02,10,0.0845,13.89,train
2022-03-08 14:18:02,10,0.0753,18.94,val
2022-03-08 14:18:04,11,0.0786,17.13,train
2022-03-08 14:18:04,11,0.0834,20.79,val
2022-03-08 14:18:06,12,0.0864,19.47,train
2022-03-08 14:18:06,12,0.0572,20.31,val
2022-03-08 14:18:07,13,0.0855,14.46,train
2022-03-08 14:18:07,13,0.0806,12.85,val
2022-03-08 14:18:08,14,0.0854,16.97,train
2022-03-08 14:18:08,14,0.0745,16.38,val
2022-03-08 14:18:09,15,0.0768,17.02,train
2022-03-08 14:18:09,15,0.0630,18.33,val
2022-03-08 14:18:11,16,0.0831,17.88,train
2022-03-08 14:18:11,16,0.1013,17.65,val
2022-03-08 14:18:12,17,0.0917,15.76,train
2022-03-08 14:18:12,17,0.0762,12.64,val
2022-03-08 14:18:13,18,0.0821,13.14,train
2022-03-08 14:18:13,18,0.0730,15.37,val
2022-03-08 14:18:15,19,0.0821,13.26,train
2022-03-08 14:18:15,19,0.1136,11.77,val
2022-03-08 14:18:16,20,0.0776,18.02,train
2022-03-08 14:18:16,20,0.1411,18.11,val
2022-03-08 14:18:17,21,0.0822,19.71,train
2022-03-08 14:18:17,21,0.0572,23.94,val
2022-03-08 14:18:19,22,0.0856,16.40,train
2022-03-08 14:18:19,22,0.0782,14.42,val
2022-03-08 14:18:20,23,0.0776,16.80,train
2022-03-08 14:18:20,23,0.0975,17.08,val
2022-03-08 14:18:22,24,0.0808,18.71,train
2022-03-08 14:18:22,24,0.0646,20.24,val
2022-03-08 14:18:23,25,0.0786,20.08,train
2022-03-08 14:18:23,25,0.0705,19.58,val
2022-03-08 14:18:25,26,0.0799,16.36,train
2022-03-08 14:18:25,26,0.0976,14.62,val
2022-03-08 14:18:26,27,0.0800,18.12,train
2022-03-08 14:18:26,27,0.0820,22.09,val
2022-03-08 14:18:27,28,0.0775,16.09,train
2022-03-08 14:18:27,28,0.1151,17.17,val
2022-03-08 14:18:29,29,0.0788,18.31,train
2022-03-08 14:18:29,29,0.0968,19.26,val
2022-03-08 14:18:30,30,0.0804,17.85,train
2022-03-08 14:18:30,30,0.0735,19.05,val
2022-03-08 14:18:31,31,0.0789,17.94,train
2022-03-08 14:18:31,31,0.0801,12.55,val
2022-03-08 14:18:33,32,0.0879,13.39,train
2022-03-08 14:18:33,32,0.0724,13.21,val
2022-03-08 14:18:34,33,0.0853,13.90,train
2022-03-08 14:18:34,33,0.0627,21.41,val
2022-03-08 14:18:35,34,0.0839,15.28,train
2022-03-08 14:18:35,34,0.0701,16.00,val
2022-03-08 14:18:37,35,0.0887,16.69,train
2022-03-08 14:18:37,35,0.0810,17.48,val
2022-03-08 14:18:38,36,0.0781,13.90,train
2022-03-08 14:18:38,36,0.0845,15.45,val
2022-03-08 14:18:39,37,0.0879,17.66,train
2022-03-08 14:18:39,37,0.0736,24.47,val
2022-03-08 14:18:41,38,0.0797,16.51,train
2022-03-08 14:18:41,38,0.0753,12.73,val
2022-03-08 14:18:43,39,0.0759,15.96,train
2022-03-08 14:18:43,39,0.0823,15.52,val
2022-03-08 14:18:44,40,0.0796,18.00,train
2022-03-08 14:18:44,40,0.0691,19.01,val
2022-03-08 14:18:45,41,0.0778,15.40,train
2022-03-08 14:18:45,41,0.0791,16.93,val
2022-03-08 14:18:46,42,0.0805,15.99,train
2022-03-08 14:18:46,42,0.0787,21.09,val
2022-03-08 14:18:48,43,0.0791,19.14,train
2022-03-08 14:18:48,43,0.0734,20.10,val
2022-03-08 14:18:49,44,0.0792,17.05,train
2022-03-08 14:18:49,44,0.0839,13.99,val
2022-03-08 14:18:50,45,0.0861,18.06,train
2022-03-08 14:18:50,45,0.0619,17.21,val
2022-03-08 14:18:52,46,0.0791,13.19,train
2022-03-08 14:18:52,46,0.0696,10.07,val
2022-03-08 14:18:53,47,0.0840,16.50,train
2022-03-08 14:18:53,47,0.0575,25.72,val
2022-03-08 14:18:55,48,0.0762,18.99,train
2022-03-08 14:18:55,48,0.0965,15.92,val
2022-03-08 14:18:56,49,0.0791,18.13,train
2022-03-08 14:18:56,49,0.0736,19.84,val
2022-03-08 14:18:58,50,0.0828,16.67,train
2022-03-08 14:18:58,50,0.0754,12.94,val
2022-03-08 14:18:59,51,0.0787,17.65,train
2022-03-08 14:18:59,51,0.0756,13.47,val
2022-03-08 14:19:00,52,0.0773,16.02,train
2022-03-08 14:19:00,52,0.0622,21.05,val
2022-03-08 14:19:02,53,0.0779,18.44,train
2022-03-08 14:19:02,53,0.0906,14.40,val
2022-03-08 14:19:03,54,0.0766,16.74,train
2022-03-08 14:19:03,54,0.0819,14.78,val
2022-03-08 14:19:04,55,0.0701,22.18,train
2022-03-08 14:19:04,55,0.0953,9.66,val
2022-03-08 14:19:06,56,0.0702,14.40,train
2022-03-08 14:19:06,56,0.0734,22.79,val
2022-03-08 14:19:07,57,0.0733,22.50,train
2022-03-08 14:19:07,57,0.0780,14.52,val
2022-03-08 14:19:08,58,0.0729,16.30,train
2022-03-08 14:19:08,58,0.0910,17.09,val
2022-03-08 14:19:10,59,0.0714,20.40,train
2022-03-08 14:19:10,59,0.0670,15.10,val
2022-03-08 14:19:11,60,0.0661,22.97,train
2022-03-08 14:19:11,60,0.0774,13.42,val
2022-03-08 14:19:12,61,0.0648,21.84,train
2022-03-08 14:19:12,61,0.0811,27.67,val
2022-03-08 14:19:14,62,0.0747,22.61,train
2022-03-08 14:19:14,62,0.0949,12.95,val
2022-03-08 14:19:16,63,0.0681,19.98,train
2022-03-08 14:19:16,63,0.0930,13.13,val
2022-03-08 14:19:17,64,0.0654,23.11,train
2022-03-08 14:19:17,64,0.0785,18.07,val
2022-03-08 14:19:18,65,0.0635,21.42,train
2022-03-08 14:19:18,65,0.0942,14.60,val
2022-03-08 14:19:20,66,0.0661,20.62,train
2022-03-08 14:19:20,66,0.1148,15.39,val
2022-03-08 14:19:21,67,0.0684,22.39,train
2022-03-08 14:19:21,67,0.0858,12.87,val
2022-03-08 14:19:22,68,0.0693,22.68,train
2022-03-08 14:19:22,68,0.1264,11.04,val
2022-03-08 14:19:24,69,0.0624,23.89,train
2022-03-08 14:19:24,69,0.1121,16.40,val
2022-03-08 14:19:25,70,0.0634,26.26,train
2022-03-08 14:19:25,70,0.0779,20.60,val
2022-03-08 14:19:26,71,0.0664,23.89,train
2022-03-08 14:19:26,71,0.0988,20.29,val
2022-03-08 14:19:27,72,0.0621,26.29,train
2022-03-08 14:19:27,72,0.0910,15.86,val
2022-03-08 14:19:29,73,0.0633,25.25,train
2022-03-08 14:19:29,73,0.0807,14.90,val
2022-03-08 14:19:30,74,0.0605,23.84,train
2022-03-08 14:19:30,74,0.0813,22.21,val
2022-03-08 14:19:31,75,0.0644,26.09,train
2022-03-08 14:19:31,75,0.0917,8.82,val
2022-03-08 14:19:33,76,0.0612,24.89,train
2022-03-08 14:19:33,76,0.0700,29.85,val
2022-03-08 14:19:34,77,0.0634,23.67,train
2022-03-08 14:19:34,77,0.0840,12.08,val
2022-03-08 14:19:36,78,0.0626,24.26,train
2022-03-08 14:19:36,78,0.0937,16.89,val
2022-03-08 14:19:37,79,0.0666,21.97,train
2022-03-08 14:19:37,79,0.0992,17.57,val
2022-03-08 14:19:38,80,0.0610,27.98,train
2022-03-08 14:19:38,80,0.0956,18.20,val
2022-03-08 14:19:40,81,0.0635,25.35,train
2022-03-08 14:19:40,81,0.0852,11.38,val
2022-03-08 14:19:41,82,0.0626,26.96,train
2022-03-08 14:19:41,82,0.0943,21.08,val
2022-03-08 14:19:42,83,0.0602,28.75,train
2022-03-08 14:19:42,83,0.0788,17.46,val
2022-03-08 14:19:43,84,0.0603,26.40,train
2022-03-08 14:19:43,84,0.1070,10.82,val
2022-03-08 14:19:45,85,0.0586,28.30,train
2022-03-08 14:19:45,85,0.1120,8.75,val
2022-03-08 14:19:46,86,0.0590,29.35,train
2022-03-08 14:19:46,86,0.0905,11.78,val
2022-03-08 14:19:47,87,0.0574,28.70,train
2022-03-08 14:19:47,87,0.0889,19.77,val
2022-03-08 14:19:49,88,0.0622,24.66,train
2022-03-08 14:19:49,88,0.1263,8.39,val
2022-03-08 14:19:50,89,0.0580,28.36,train
2022-03-08 14:19:50,89,0.0938,12.23,val
2022-03-08 14:19:51,90,0.0574,25.77,train
2022-03-08 14:19:51,90,0.0788,17.01,val
2022-03-08 14:19:52,91,0.0593,26.93,train
2022-03-08 14:19:52,91,0.0789,14.06,val
2022-03-08 14:19:54,92,0.0612,26.61,train
2022-03-08 14:19:54,92,0.1257,9.20,val
2022-03-08 14:19:55,93,0.0619,26.73,train
2022-03-08 14:19:55,93,0.0644,26.50,val
2022-03-08 14:19:56,94,0.0584,28.90,train
2022-03-08 14:19:56,94,0.0864,21.00,val
2022-03-08 14:19:58,95,0.0631,27.90,train
2022-03-08 14:19:58,95,0.1131,9.20,val
2022-03-08 14:19:59,96,0.0611,24.13,train
2022-03-08 14:19:59,96,0.0612,30.16,val
2022-03-08 14:20:01,97,0.0595,29.13,train
2022-03-08 14:20:01,97,0.0653,18.17,val
2022-03-08 14:20:02,98,0.0629,25.13,train
2022-03-08 14:20:02,98,0.0931,13.08,val
2022-03-08 14:20:03,99,0.0573,29.84,train
2022-03-08 14:20:03,99,0.1419,12.67,val
2022-03-08 14:20:05,100,0.0652,25.39,train
2022-03-08 14:20:05,100,0.1054,12.89,val
2022-03-08 14:20:06,101,0.0633,26.18,train
2022-03-08 14:20:06,101,0.1111,9.07,val
2022-03-08 14:20:07,102,0.0626,24.68,train
2022-03-08 14:20:07,102,0.1295,12.03,val
2022-03-08 14:20:09,103,0.0646,25.85,train
2022-03-08 14:20:09,103,0.1461,8.07,val
2022-03-08 14:20:10,104,0.0616,24.32,train
2022-03-08 14:20:10,104,0.0793,27.92,val
2022-03-08 14:20:11,105,0.0586,25.72,train
2022-03-08 14:20:11,105,0.0819,12.45,val
2022-03-08 14:20:13,106,0.0568,28.60,train
2022-03-08 14:20:13,106,0.0815,19.17,val
2022-03-08 14:20:14,107,0.0567,26.34,train
2022-03-08 14:20:14,107,0.0888,13.64,val
2022-03-08 14:20:15,108,0.0572,29.93,train
2022-03-08 14:20:15,108,0.0745,13.36,val
2022-03-08 14:20:17,109,0.0621,27.49,train
2022-03-08 14:20:17,109,0.0888,20.34,val
2022-03-08 14:20:18,110,0.0590,28.08,train
2022-03-08 14:20:18,110,0.0997,14.61,val
2022-03-08 14:20:20,111,0.0593,29.26,train
2022-03-08 14:20:20,111,0.0922,16.52,val
2022-03-08 14:20:21,112,0.0611,28.82,train
2022-03-08 14:20:21,112,0.0848,17.67,val
2022-03-08 14:20:22,113,0.0592,26.91,train
2022-03-08 14:20:22,113,0.0866,16.90,val
2022-03-08 14:20:24,114,0.0563,27.90,train
2022-03-08 14:20:24,114,0.0723,16.38,val
2022-03-08 14:20:25,115,0.0604,29.43,train
2022-03-08 14:20:25,115,0.1102,16.77,val
2022-03-08 14:20:26,116,0.0610,30.22,train
2022-03-08 14:20:26,116,0.0787,21.64,val
2022-03-08 14:20:28,117,0.0588,25.62,train
2022-03-08 14:20:28,117,0.0691,22.29,val
2022-03-08 14:20:29,118,0.0609,28.28,train
2022-03-08 14:20:29,118,0.0905,13.74,val
2022-03-08 14:20:30,119,0.0587,25.95,train
2022-03-08 14:20:30,119,0.1351,11.72,val
2022-03-08 14:20:32,120,0.0625,26.82,train
2022-03-08 14:20:32,120,0.0997,18.43,val
2022-03-08 14:20:33,121,0.0586,28.23,train
2022-03-08 14:20:33,121,0.0707,24.57,val
2022-03-08 14:20:34,122,0.0625,28.22,train
2022-03-08 14:20:34,122,0.1184,21.56,val
2022-03-08 14:20:36,123,0.0564,28.11,train
2022-03-08 14:20:36,123,0.0931,20.17,val
2022-03-08 14:20:37,124,0.0612,29.70,train
2022-03-08 14:20:37,124,0.1001,12.42,val
2022-03-08 14:20:38,125,0.0602,29.40,train
2022-03-08 14:20:38,125,0.0755,23.17,val
2022-03-08 14:20:40,126,0.0580,31.62,train
2022-03-08 14:20:40,126,0.0819,22.63,val
2022-03-08 14:20:41,127,0.0597,29.15,train
2022-03-08 14:20:41,127,0.0555,26.65,val
2022-03-08 14:20:42,128,0.0615,28.43,train
2022-03-08 14:20:42,128,0.1093,15.47,val
2022-03-08 14:20:44,129,0.0572,31.14,train
2022-03-08 14:20:44,129,0.1017,9.80,val
2022-03-08 14:20:45,130,0.0584,28.96,train
2022-03-08 14:20:45,130,0.0869,16.41,val
2022-03-08 14:20:46,131,0.0576,30.10,train
2022-03-08 14:20:46,131,0.0933,8.42,val
2022-03-08 14:20:48,132,0.0586,26.47,train
2022-03-08 14:20:48,132,0.1092,16.08,val
2022-03-08 14:20:49,133,0.0615,27.14,train
2022-03-08 14:20:49,133,0.0797,26.83,val
2022-03-08 14:20:51,134,0.0590,28.21,train
2022-03-08 14:20:51,134,0.0793,25.94,val
2022-03-08 14:20:52,135,0.0559,29.19,train
2022-03-08 14:20:52,135,0.0783,18.84,val
2022-03-08 14:20:53,136,0.0612,28.35,train
2022-03-08 14:20:53,136,0.0569,19.92,val
2022-03-08 14:20:55,137,0.0623,25.58,train
2022-03-08 14:20:55,137,0.0871,20.11,val
2022-03-08 14:20:56,138,0.0601,27.92,train
2022-03-08 14:20:56,138,0.1047,12.13,val
2022-03-08 14:20:57,139,0.0584,29.66,train
2022-03-08 14:20:57,139,0.0882,12.63,val
2022-03-08 14:20:59,140,0.0598,28.10,train
2022-03-08 14:20:59,140,0.1096,10.35,val
2022-03-08 14:21:00,141,0.0604,28.41,train
2022-03-08 14:21:00,141,0.0904,13.27,val
2022-03-08 14:21:02,142,0.0542,31.63,train
2022-03-08 14:21:02,142,0.0962,13.37,val
2022-03-08 14:21:03,143,0.0602,29.86,train
2022-03-08 14:21:03,143,0.0846,18.74,val
2022-03-08 14:21:04,144,0.0599,26.60,train
2022-03-08 14:21:04,144,0.1266,11.32,val
2022-03-08 14:21:06,145,0.0569,31.59,train
2022-03-08 14:21:06,145,0.1231,14.99,val
2022-03-08 14:21:07,146,0.0608,29.03,train
2022-03-08 14:21:07,146,0.0969,13.36,val
2022-03-08 14:21:09,147,0.0567,31.00,train
2022-03-08 14:21:09,147,0.0705,15.86,val
2022-03-08 14:21:10,148,0.0593,29.84,train
2022-03-08 14:21:10,148,0.0987,12.02,val
2022-03-08 14:21:11,149,0.0568,30.21,train
2022-03-08 14:21:11,149,0.0959,11.18,val
2022-03-08 14:21:13,150,0.0622,27.10,train
2022-03-08 14:21:13,150,0.0903,15.22,val
2022-03-08 14:21:14,151,0.0599,26.88,train
2022-03-08 14:21:14,151,0.1047,13.58,val
2022-03-08 14:21:16,152,0.0569,30.40,train
2022-03-08 14:21:16,152,0.0681,23.27,val
2022-03-08 14:21:17,153,0.0596,28.61,train
2022-03-08 14:21:17,153,0.0786,20.77,val
2022-03-08 14:21:18,154,0.0583,28.87,train
2022-03-08 14:21:18,154,0.1403,10.97,val
2022-03-08 14:21:20,155,0.0598,28.03,train
2022-03-08 14:21:20,155,0.0897,17.81,val
2022-03-08 14:21:21,156,0.0600,28.46,train
2022-03-08 14:21:21,156,0.1142,12.28,val
2022-03-08 14:21:23,157,0.0578,29.37,train
2022-03-08 14:21:23,157,0.0867,15.90,val
2022-03-08 14:21:24,158,0.0566,28.05,train
2022-03-08 14:21:24,158,0.0870,14.49,val
2022-03-08 14:21:26,159,0.0620,25.64,train
2022-03-08 14:21:26,159,0.1093,10.82,val
2022-03-08 14:21:27,160,0.0631,27.10,train
2022-03-08 14:21:27,160,0.0931,9.73,val
2022-03-08 14:21:28,161,0.0621,24.99,train
2022-03-08 14:21:28,161,0.0937,13.71,val
2022-03-08 14:21:30,162,0.0626,24.37,train
2022-03-08 14:21:30,162,0.0971,11.44,val
2022-03-08 14:21:31,163,0.0626,24.24,train
2022-03-08 14:21:31,163,0.1029,27.35,val
2022-03-08 14:21:33,164,0.0597,26.88,train
2022-03-08 14:21:33,164,0.1063,16.47,val
2022-03-08 14:21:34,165,0.0608,27.72,train
2022-03-08 14:21:34,165,0.1035,17.46,val
2022-03-08 14:21:35,166,0.0600,24.34,train
2022-03-08 14:21:35,166,0.1182,12.55,val
2022-03-08 14:21:37,167,0.0601,27.21,train
2022-03-08 14:21:37,167,0.0827,16.73,val
2022-03-08 14:21:38,168,0.0582,28.65,train
2022-03-08 14:21:38,168,0.0897,16.88,val
2022-03-08 14:21:40,169,0.0614,28.01,train
2022-03-08 14:21:40,169,0.1016,14.26,val
2022-03-08 14:21:41,170,0.0572,28.44,train
2022-03-08 14:21:41,170,0.1355,11.73,val
2022-03-08 14:21:43,171,0.0635,28.33,train
2022-03-08 14:21:43,171,0.1027,17.80,val
2022-03-08 14:21:44,172,0.0609,27.23,train
2022-03-08 14:21:44,172,0.0784,21.10,val
2022-03-08 14:21:45,173,0.0603,27.36,train
2022-03-08 14:21:45,173,0.1115,19.11,val
2022-03-08 14:21:47,174,0.0604,28.17,train
2022-03-08 14:21:47,174,0.1160,13.04,val
2022-03-08 14:21:48,175,0.0573,31.09,train
2022-03-08 14:21:48,175,0.1281,15.07,val
2022-03-08 14:21:50,176,0.0597,29.24,train
2022-03-08 14:21:50,176,0.0749,27.52,val
2022-03-08 14:21:51,177,0.0604,27.87,train
2022-03-08 14:21:51,177,0.0927,14.62,val
2022-03-08 14:21:52,178,0.0597,30.94,train
2022-03-08 14:21:52,178,0.1053,12.01,val
2022-03-08 14:21:54,179,0.0598,25.53,train
2022-03-08 14:21:54,179,0.0978,16.69,val
2022-03-08 14:21:55,180,0.0584,29.52,train
2022-03-08 14:21:55,180,0.0921,13.47,val
2022-03-08 14:21:56,181,0.0599,25.63,train
2022-03-08 14:21:56,181,0.0880,18.36,val
2022-03-08 14:21:58,182,0.0570,28.00,train
2022-03-08 14:21:58,182,0.0700,19.53,val
2022-03-08 14:21:59,183,0.0594,26.07,train
2022-03-08 14:21:59,183,0.0686,32.25,val
2022-03-08 14:22:01,184,0.0576,26.84,train
2022-03-08 14:22:01,184,0.0828,26.74,val
2022-03-08 14:22:03,185,0.0587,28.39,train
2022-03-08 14:22:03,185,0.0967,10.53,val
2022-03-08 14:22:04,186,0.0621,27.99,train
2022-03-08 14:22:04,186,0.1101,15.62,val
2022-03-08 14:22:05,187,0.0648,23.24,train
2022-03-08 14:22:05,187,0.1287,13.36,val
2022-03-08 14:22:07,188,0.0596,28.73,train
2022-03-08 14:22:07,188,0.0807,14.95,val
2022-03-08 14:22:08,189,0.0617,25.49,train
2022-03-08 14:22:08,189,0.1082,25.48,val
2022-03-08 14:22:10,190,0.0547,29.08,train
2022-03-08 14:22:10,190,0.0785,22.37,val
2022-03-08 14:22:11,191,0.0607,26.77,train
2022-03-08 14:22:11,191,0.0792,24.91,val
2022-03-08 14:22:12,192,0.0583,30.28,train
2022-03-08 14:22:12,192,0.1078,16.26,val
2022-03-08 14:22:14,193,0.0591,28.45,train
2022-03-08 14:22:14,193,0.0963,18.19,val
2022-03-08 14:22:15,194,0.0590,26.59,train
2022-03-08 14:22:15,194,0.0903,20.65,val
2022-03-08 14:22:17,195,0.0611,28.38,train
2022-03-08 14:22:17,195,0.0862,21.43,val
2022-03-08 14:22:18,196,0.0603,24.99,train
2022-03-08 14:22:18,196,0.0912,22.08,val
2022-03-08 14:22:19,197,0.0590,26.36,train
2022-03-08 14:22:19,197,0.1351,11.62,val
2022-03-08 14:22:21,198,0.0619,28.96,train
2022-03-08 14:22:21,198,0.0872,13.94,val
2022-03-08 14:22:22,199,0.0635,22.01,train
2022-03-08 14:22:22,199,0.1367,13.42,val
2022-03-08 14:22:23,200,0.0613,25.96,train
2022-03-08 14:22:23,200,0.1072,15.44,val
2022-03-08 14:22:25,201,0.0562,29.10,train
2022-03-08 14:22:25,201,0.0668,26.13,val
2022-03-08 14:22:26,202,0.0594,29.45,train
2022-03-08 14:22:26,202,0.1071,17.72,val
2022-03-08 14:22:28,203,0.0558,30.65,train
2022-03-08 14:22:28,203,0.1018,22.60,val
2022-03-08 14:22:29,204,0.0571,30.06,train
2022-03-08 14:22:29,204,0.1128,14.70,val
2022-03-08 14:22:30,205,0.0598,29.33,train
2022-03-08 14:22:30,205,0.0862,19.02,val
2022-03-08 14:22:32,206,0.0593,29.11,train
2022-03-08 14:22:32,206,0.1251,20.25,val
2022-03-08 14:22:33,207,0.0655,27.20,train
2022-03-08 14:22:33,207,0.0808,22.33,val
2022-03-08 14:22:35,208,0.0562,29.54,train
2022-03-08 14:22:35,208,0.0825,25.74,val
2022-03-08 14:22:36,209,0.0578,29.90,train
2022-03-08 14:22:36,209,0.0798,22.97,val
2022-03-08 14:22:37,210,0.0588,28.71,train
2022-03-08 14:22:37,210,0.0942,14.50,val
2022-03-08 14:22:39,211,0.0584,30.20,train
2022-03-08 14:22:39,211,0.1357,11.67,val
2022-03-08 14:22:40,212,0.0619,25.07,train
2022-03-08 14:22:40,212,0.1347,14.06,val
2022-03-08 14:22:41,213,0.0604,27.46,train
2022-03-08 14:22:41,213,0.0867,12.99,val
2022-03-08 14:22:43,214,0.0595,28.37,train
2022-03-08 14:22:43,214,0.1111,11.67,val
2022-03-08 14:22:44,215,0.0661,28.66,train
2022-03-08 14:22:44,215,0.1549,14.89,val
2022-03-08 14:22:46,216,0.0599,29.57,train
2022-03-08 14:22:46,216,0.1037,24.85,val
2022-03-08 14:22:47,217,0.0612,26.36,train
2022-03-08 14:22:47,217,0.0723,20.83,val
2022-03-08 14:22:48,218,0.0565,33.58,train
2022-03-08 14:22:48,218,0.0956,11.19,val
2022-03-08 14:22:50,219,0.0606,28.37,train
2022-03-08 14:22:50,219,0.1221,16.69,val
2022-03-08 14:22:51,220,0.0643,28.97,train
2022-03-08 14:22:51,220,0.0832,17.88,val
2022-03-08 14:22:52,221,0.0558,31.28,train
2022-03-08 14:22:52,221,0.1055,21.86,val
2022-03-08 14:22:53,222,0.0613,29.26,train
2022-03-08 14:22:53,222,0.0932,12.15,val
2022-03-08 14:22:55,223,0.0571,31.03,train
2022-03-08 14:22:55,223,0.1309,18.15,val
2022-03-08 14:22:56,224,0.0572,31.04,train
2022-03-08 14:22:56,224,0.0891,17.60,val
2022-03-08 14:22:57,225,0.0578,31.26,train
2022-03-08 14:22:57,225,0.0672,21.47,val
2022-03-08 14:22:59,226,0.0611,30.85,train
2022-03-08 14:22:59,226,0.1208,17.58,val
2022-03-08 14:23:00,227,0.0615,27.86,train
2022-03-08 14:23:00,227,0.0988,16.29,val
2022-03-08 14:23:02,228,0.0614,24.35,train
2022-03-08 14:23:02,228,0.1040,17.41,val
2022-03-08 14:23:03,229,0.0597,27.46,train
2022-03-08 14:23:03,229,0.1055,14.69,val
2022-03-08 14:23:04,230,0.0566,27.67,train
2022-03-08 14:23:04,230,0.0788,22.34,val
2022-03-08 14:23:06,231,0.0680,22.57,train
2022-03-08 14:23:06,231,0.0849,18.78,val
2022-03-08 14:23:07,232,0.0614,25.60,train
2022-03-08 14:23:07,232,0.1048,19.75,val
2022-03-08 14:23:09,233,0.0602,24.70,train
2022-03-08 14:23:09,233,0.0859,24.47,val
2022-03-08 14:23:10,234,0.0634,26.52,train
2022-03-08 14:23:10,234,0.0919,15.10,val
2022-03-08 14:23:11,235,0.0596,29.55,train
2022-03-08 14:23:11,235,0.0789,15.33,val
2022-03-08 14:23:13,236,0.0616,27.90,train
2022-03-08 14:23:13,236,0.1117,9.55,val
2022-03-08 14:23:14,237,0.0623,20.56,train
2022-03-08 14:23:14,237,0.0672,29.25,val
2022-03-08 14:23:15,238,0.0592,27.18,train
2022-03-08 14:23:15,238,0.1282,9.77,val
2022-03-08 14:23:17,239,0.0620,23.34,train
2022-03-08 14:23:17,239,0.1247,15.55,val
2022-03-08 14:23:18,240,0.0605,25.05,train
2022-03-08 14:23:18,240,0.1289,11.31,val
2022-03-08 14:23:19,241,0.0595,26.71,train
2022-03-08 14:23:19,241,0.1151,14.74,val
2022-03-08 14:23:21,242,0.0565,31.02,train
2022-03-08 14:23:21,242,0.0789,11.78,val
2022-03-08 14:23:22,243,0.0567,30.10,train
2022-03-08 14:23:22,243,0.0853,20.33,val
2022-03-08 14:23:23,244,0.0615,27.42,train
2022-03-08 14:23:23,244,0.1338,12.48,val
2022-03-08 14:23:25,245,0.0580,27.04,train
2022-03-08 14:23:25,245,0.1328,13.22,val
2022-03-08 14:23:26,246,0.0574,28.53,train
2022-03-08 14:23:26,246,0.0879,19.72,val
2022-03-08 14:23:27,247,0.0603,29.56,train
2022-03-08 14:23:27,247,0.1318,12.89,val
2022-03-08 14:23:29,248,0.0579,25.74,train
2022-03-08 14:23:29,248,0.1243,16.39,val
2022-03-08 14:23:30,249,0.0566,29.90,train
2022-03-08 14:23:30,249,0.0873,20.08,val
2022-03-08 14:23:31,250,0.0590,26.91,train
2022-03-08 14:23:31,250,0.0725,15.18,val
2022-03-08 14:23:33,251,0.0588,22.42,train
2022-03-08 14:23:33,251,0.1002,19.97,val
2022-03-08 14:23:34,252,0.0590,25.90,train
2022-03-08 14:23:34,252,0.1215,14.11,val
2022-03-08 14:23:35,253,0.0586,24.93,train
2022-03-08 14:23:35,253,0.0831,21.32,val
2022-03-08 14:23:37,254,0.0611,23.92,train
2022-03-08 14:23:37,254,0.1102,15.73,val
2022-03-08 14:23:38,255,0.0647,25.19,train
2022-03-08 14:23:38,255,0.0954,12.42,val
2022-03-08 14:23:39,256,0.0579,27.22,train
2022-03-08 14:23:39,256,0.0648,28.09,val
2022-03-08 14:23:41,257,0.0573,27.54,train
2022-03-08 14:23:41,257,0.1008,12.22,val
2022-03-08 14:23:42,258,0.0582,29.41,train
2022-03-08 14:23:42,258,0.1367,12.57,val
2022-03-08 14:23:43,259,0.0577,29.60,train
2022-03-08 14:23:43,259,0.1379,11.49,val
2022-03-08 14:23:45,260,0.0608,28.36,train
2022-03-08 14:23:45,260,0.1302,11.73,val
2022-03-08 14:23:46,261,0.0574,30.17,train
2022-03-08 14:23:46,261,0.0837,13.86,val
2022-03-08 14:23:48,262,0.0578,30.03,train
2022-03-08 14:23:48,262,0.1383,19.61,val
2022-03-08 14:23:49,263,0.0567,29.80,train
2022-03-08 14:23:49,263,0.1243,24.09,val
2022-03-08 14:23:50,264,0.0582,31.89,train
2022-03-08 14:23:50,264,0.0677,33.15,val
2022-03-08 14:23:52,265,0.0605,28.38,train
2022-03-08 14:23:52,265,0.0910,15.52,val
2022-03-08 14:23:54,266,0.0583,29.28,train
2022-03-08 14:23:54,266,0.0690,20.71,val
2022-03-08 14:23:55,267,0.0602,26.53,train
2022-03-08 14:23:55,267,0.1460,10.94,val
2022-03-08 14:23:56,268,0.0593,25.97,train
2022-03-08 14:23:56,268,0.0841,21.15,val
2022-03-08 14:23:58,269,0.0562,32.66,train
2022-03-08 14:23:58,269,0.1134,11.92,val
2022-03-08 14:23:59,270,0.0604,25.88,train
2022-03-08 14:23:59,270,0.1117,20.01,val
2022-03-08 14:24:00,271,0.0582,28.69,train
2022-03-08 14:24:00,271,0.1273,10.65,val
2022-03-08 14:24:02,272,0.0599,28.18,train
2022-03-08 14:24:02,272,0.1305,14.99,val
2022-03-08 14:24:03,273,0.0581,30.18,train
2022-03-08 14:24:03,273,0.1069,10.86,val
2022-03-08 14:24:05,274,0.0635,28.14,train
2022-03-08 14:24:05,274,0.1325,9.99,val
2022-03-08 14:24:06,275,0.0597,27.33,train
2022-03-08 14:24:06,275,0.0821,24.39,val
2022-03-08 14:24:07,276,0.0589,28.35,train
2022-03-08 14:24:07,276,0.1509,12.52,val
2022-03-08 14:24:09,277,0.0580,29.71,train
2022-03-08 14:24:09,277,0.1649,12.81,val
2022-03-08 14:24:10,278,0.0600,28.93,train
2022-03-08 14:24:10,278,0.0777,19.08,val
2022-03-08 14:24:11,279,0.0604,26.96,train
2022-03-08 14:24:11,279,0.0989,14.00,val
2022-03-08 14:24:13,280,0.0596,28.37,train
2022-03-08 14:24:13,280,0.1428,8.86,val
2022-03-08 14:24:14,281,0.0569,28.44,train
2022-03-08 14:24:14,281,0.0903,24.61,val
2022-03-08 14:24:15,282,0.0597,27.77,train
2022-03-08 14:24:15,282,0.0979,15.22,val
2022-03-08 14:24:17,283,0.0608,29.82,train
2022-03-08 14:24:17,283,0.0817,14.39,val
2022-03-08 14:24:18,284,0.0594,30.42,train
2022-03-08 14:24:18,284,0.1095,16.29,val
2022-03-08 14:24:20,285,0.0618,25.80,train
2022-03-08 14:24:20,285,0.0831,26.54,val
2022-03-08 14:24:21,286,0.0582,28.28,train
2022-03-08 14:24:21,286,0.1096,12.64,val
2022-03-08 14:24:22,287,0.0604,25.45,train
2022-03-08 14:24:22,287,0.1224,13.91,val
2022-03-08 14:24:24,288,0.0583,27.77,train
2022-03-08 14:24:24,288,0.0763,19.81,val
2022-03-08 14:24:25,289,0.0604,28.71,train
2022-03-08 14:24:25,289,0.0677,22.79,val
2022-03-08 14:24:26,290,0.0588,27.04,train
2022-03-08 14:24:26,290,0.0780,24.49,val
2022-03-08 14:24:28,291,0.0557,29.57,train
2022-03-08 14:24:28,291,0.1057,11.63,val
2022-03-08 14:24:29,292,0.0589,30.09,train
2022-03-08 14:24:29,292,0.1271,10.68,val
2022-03-08 14:24:30,293,0.0603,25.42,train
2022-03-08 14:24:30,293,0.1098,25.79,val
2022-03-08 14:24:32,294,0.0577,30.28,train
2022-03-08 14:24:32,294,0.0990,10.84,val
2022-03-08 14:24:33,295,0.0604,28.61,train
2022-03-08 14:24:33,295,0.1275,11.01,val
2022-03-08 14:24:35,296,0.0571,31.78,train
2022-03-08 14:24:35,296,0.0660,25.14,val
2022-03-08 14:24:36,297,0.0567,31.60,train
2022-03-08 14:24:36,297,0.1100,27.14,val
2022-03-08 14:24:37,298,0.0556,32.93,train
2022-03-08 14:24:37,298,0.1109,14.29,val
2022-03-08 14:24:39,299,0.0585,32.08,train
2022-03-08 14:24:39,299,0.0784,19.67,val
2022-03-08 14:24:40,300,0.0583,29.53,train
2022-03-08 14:24:40,300,0.1128,12.61,val
2022-03-08 14:24:42,301,0.0605,26.92,train
2022-03-08 14:24:42,301,0.1321,12.47,val
2022-03-08 14:24:43,302,0.0585,30.59,train
2022-03-08 14:24:43,302,0.1137,8.75,val
2022-03-08 14:24:44,303,0.0599,28.15,train
2022-03-08 14:24:44,303,0.0959,12.60,val
2022-03-08 14:24:46,304,0.0609,27.92,train
2022-03-08 14:24:46,304,0.1323,10.38,val
2022-03-08 14:24:47,305,0.0582,25.61,train
2022-03-08 14:24:47,305,0.0704,26.29,val
2022-03-08 14:24:48,306,0.0566,27.33,train
2022-03-08 14:24:48,306,0.0921,12.39,val
2022-03-08 14:24:50,307,0.0587,29.43,train
2022-03-08 14:24:50,307,0.0945,17.69,val
2022-03-08 14:24:51,308,0.0598,25.40,train
2022-03-08 14:24:51,308,0.0849,17.80,val
2022-03-08 14:24:52,309,0.0583,28.72,train
2022-03-08 14:24:52,309,0.0879,11.49,val
2022-03-08 14:24:54,310,0.0587,31.13,train
2022-03-08 14:24:54,310,0.0668,21.49,val
2022-03-08 14:24:55,311,0.0654,27.34,train
2022-03-08 14:24:55,311,0.0851,24.61,val
2022-03-08 14:24:56,312,0.0598,28.20,train
2022-03-08 14:24:56,312,0.1167,20.73,val
2022-03-08 14:24:58,313,0.0594,26.95,train
2022-03-08 14:24:58,313,0.0750,20.85,val
2022-03-08 14:24:59,314,0.0605,28.52,train
2022-03-08 14:24:59,314,0.0965,12.92,val
2022-03-08 14:25:01,315,0.0585,28.42,train
2022-03-08 14:25:01,315,0.1219,19.12,val
2022-03-08 14:25:02,316,0.0592,28.79,train
2022-03-08 14:25:02,316,0.0934,15.32,val
2022-03-08 14:25:03,317,0.0618,27.68,train
2022-03-08 14:25:03,317,0.1046,14.74,val
2022-03-08 14:25:05,318,0.0601,28.99,train
2022-03-08 14:25:05,318,0.1127,13.09,val
2022-03-08 14:25:06,319,0.0571,31.20,train
2022-03-08 14:25:06,319,0.0728,22.25,val
2022-03-08 14:25:07,320,0.0628,29.31,train
2022-03-08 14:25:07,320,0.0927,14.57,val
2022-03-08 14:25:09,321,0.0591,29.93,train
2022-03-08 14:25:09,321,0.0883,18.56,val
2022-03-08 14:25:10,322,0.0576,30.24,train
2022-03-08 14:25:10,322,0.0912,18.76,val
2022-03-08 14:25:12,323,0.0593,29.14,train
2022-03-08 14:25:12,323,0.1220,14.85,val
2022-03-08 14:25:13,324,0.0586,29.07,train
2022-03-08 14:25:13,324,0.1318,16.21,val
2022-03-08 14:25:14,325,0.0589,30.67,train
2022-03-08 14:25:14,325,0.1040,16.40,val
2022-03-08 14:25:16,326,0.0557,29.87,train
2022-03-08 14:25:16,326,0.0923,21.29,val
2022-03-08 14:25:17,327,0.0621,29.71,train
2022-03-08 14:25:17,327,0.1042,10.12,val
2022-03-08 14:25:18,328,0.0576,28.09,train
2022-03-08 14:25:18,328,0.0834,23.13,val
2022-03-08 14:25:20,329,0.0585,29.65,train
2022-03-08 14:25:20,329,0.0975,10.32,val
2022-03-08 14:25:21,330,0.0606,25.74,train
2022-03-08 14:25:21,330,0.0760,15.77,val
2022-03-08 14:25:23,331,0.0612,27.31,train
2022-03-08 14:25:23,331,0.0819,14.98,val
2022-03-08 14:25:24,332,0.0582,29.65,train
2022-03-08 14:25:24,332,0.0949,12.63,val
2022-03-08 14:25:26,333,0.0599,28.79,train
2022-03-08 14:25:26,333,0.0737,23.18,val
2022-03-08 14:25:27,334,0.0611,28.04,train
2022-03-08 14:25:27,334,0.1140,8.97,val
2022-03-08 14:25:28,335,0.0586,30.35,train
2022-03-08 14:25:28,335,0.0725,13.91,val
2022-03-08 14:25:30,336,0.0605,29.22,train
2022-03-08 14:25:30,336,0.1358,11.24,val
2022-03-08 14:25:31,337,0.0610,32.02,train
2022-03-08 14:25:31,337,0.0793,13.79,val
2022-03-08 14:25:32,338,0.0588,31.32,train
2022-03-08 14:25:32,338,0.0703,22.72,val
2022-03-08 14:25:34,339,0.0606,26.60,train
2022-03-08 14:25:34,339,0.1284,13.04,val
2022-03-08 14:25:35,340,0.0550,33.69,train
2022-03-08 14:25:35,340,0.0767,23.79,val
2022-03-08 14:25:37,341,0.0587,31.64,train
2022-03-08 14:25:37,341,0.1530,15.04,val
2022-03-08 14:25:38,342,0.0587,29.51,train
2022-03-08 14:25:38,342,0.1387,16.38,val
2022-03-08 14:25:39,343,0.0642,28.40,train
2022-03-08 14:25:39,343,0.0831,21.80,val
2022-03-08 14:25:41,344,0.0580,29.05,train
2022-03-08 14:25:41,344,0.1239,13.21,val
2022-03-08 14:25:42,345,0.0570,30.79,train
2022-03-08 14:25:42,345,0.0797,26.70,val
2022-03-08 14:25:44,346,0.0657,29.11,train
2022-03-08 14:25:44,346,0.0875,18.78,val
2022-03-08 14:25:45,347,0.0608,29.45,train
2022-03-08 14:25:45,347,0.0974,14.29,val
2022-03-08 14:25:46,348,0.0557,32.89,train
2022-03-08 14:25:46,348,0.1360,13.95,val
2022-03-08 14:25:48,349,0.0598,29.92,train
2022-03-08 14:25:48,349,0.0857,13.00,val
2022-03-08 14:25:49,350,0.0560,33.14,train
2022-03-08 14:25:49,350,0.0720,19.68,val
2022-03-08 14:25:50,351,0.0556,33.31,train
2022-03-08 14:25:50,351,0.0703,22.91,val
2022-03-08 14:25:52,352,0.0668,28.66,train
2022-03-08 14:25:52,352,0.0960,12.76,val
2022-03-08 14:25:53,353,0.0659,27.48,train
2022-03-08 14:25:53,353,0.0694,21.94,val
2022-03-08 14:25:54,354,0.0579,29.25,train
2022-03-08 14:25:54,354,0.0667,27.48,val
2022-03-08 14:25:56,355,0.0598,29.65,train
2022-03-08 14:25:56,355,0.0974,12.22,val
2022-03-08 14:25:57,356,0.0609,29.17,train
2022-03-08 14:25:57,356,0.0844,22.83,val
2022-03-08 14:25:59,357,0.0569,34.42,train
2022-03-08 14:25:59,357,0.0660,24.97,val
2022-03-08 14:26:00,358,0.0654,28.82,train
2022-03-08 14:26:00,358,0.0779,22.49,val
2022-03-08 14:26:02,359,0.0594,32.63,train
2022-03-08 14:26:02,359,0.1023,12.84,val
2022-03-08 14:26:03,360,0.0619,30.21,train
2022-03-08 14:26:03,360,0.1188,12.61,val
2022-03-08 14:26:05,361,0.0601,26.57,train
2022-03-08 14:26:05,361,0.0838,17.72,val
2022-03-08 14:26:06,362,0.0578,30.01,train
2022-03-08 14:26:06,362,0.1294,12.05,val
2022-03-08 14:26:07,363,0.0586,30.16,train
2022-03-08 14:26:07,363,0.1224,12.25,val
2022-03-08 14:26:09,364,0.0614,29.24,train
2022-03-08 14:26:09,364,0.1166,17.65,val
2022-03-08 14:26:10,365,0.0597,30.38,train
2022-03-08 14:26:10,365,0.0872,11.01,val
2022-03-08 14:26:11,366,0.0624,25.82,train
2022-03-08 14:26:11,366,0.1125,9.97,val
2022-03-08 14:26:13,367,0.0600,28.23,train
2022-03-08 14:26:13,367,0.1264,10.91,val
2022-03-08 14:26:14,368,0.0582,30.31,train
2022-03-08 14:26:14,368,0.0990,20.15,val
2022-03-08 14:26:15,369,0.0606,29.61,train
2022-03-08 14:26:15,369,0.1170,11.14,val
2022-03-08 14:26:17,370,0.0566,30.63,train
2022-03-08 14:26:17,370,0.1240,10.62,val
2022-03-08 14:26:18,371,0.0649,26.88,train
2022-03-08 14:26:18,371,0.0681,22.85,val
2022-03-08 14:26:19,372,0.0642,24.85,train
2022-03-08 14:26:19,372,0.0858,15.59,val
2022-03-08 14:26:21,373,0.0586,26.06,train
2022-03-08 14:26:21,373,0.0852,20.85,val
2022-03-08 14:26:22,374,0.0575,30.01,train
2022-03-08 14:26:22,374,0.0995,15.88,val
2022-03-08 14:26:23,375,0.0583,30.26,train
2022-03-08 14:26:23,375,0.1079,9.43,val
2022-03-08 14:26:25,376,0.0570,32.25,train
2022-03-08 14:26:25,376,0.0800,20.54,val
2022-03-08 14:26:26,377,0.0675,27.68,train
2022-03-08 14:26:26,377,0.1276,17.14,val
2022-03-08 14:26:27,378,0.0592,28.23,train
2022-03-08 14:26:27,378,0.0782,13.06,val
2022-03-08 14:26:29,379,0.0614,24.29,train
2022-03-08 14:26:29,379,0.1067,21.15,val
2022-03-08 14:26:30,380,0.0652,24.63,train
2022-03-08 14:26:30,380,0.0873,10.30,val
2022-03-08 14:26:31,381,0.0591,28.23,train
2022-03-08 14:26:31,381,0.1457,12.83,val
2022-03-08 14:26:33,382,0.0601,29.98,train
2022-03-08 14:26:33,382,0.1154,10.43,val
2022-03-08 14:26:34,383,0.0583,29.15,train
2022-03-08 14:26:34,383,0.0826,14.34,val
2022-03-08 14:26:35,384,0.0597,29.35,train
2022-03-08 14:26:35,384,0.0897,21.93,val
2022-03-08 14:26:37,385,0.0576,28.73,train
2022-03-08 14:26:37,385,0.1151,16.90,val
2022-03-08 14:26:38,386,0.0600,29.05,train
2022-03-08 14:26:38,386,0.1218,15.53,val
2022-03-08 14:26:40,387,0.0570,28.39,train
2022-03-08 14:26:40,387,0.0929,10.86,val
2022-03-08 14:26:41,388,0.0597,27.13,train
2022-03-08 14:26:41,388,0.0912,22.22,val
2022-03-08 14:26:42,389,0.0611,29.47,train
2022-03-08 14:26:42,389,0.1103,17.42,val
2022-03-08 14:26:44,390,0.0581,30.97,train
2022-03-08 14:26:44,390,0.1428,13.50,val
2022-03-08 14:26:45,391,0.0574,31.01,train
2022-03-08 14:26:45,391,0.1112,9.36,val
2022-03-08 14:26:46,392,0.0635,30.66,train
2022-03-08 14:26:46,392,0.0971,11.00,val
2022-03-08 14:26:48,393,0.0608,27.60,train
2022-03-08 14:26:48,393,0.0974,19.55,val
2022-03-08 14:26:49,394,0.0586,30.43,train
2022-03-08 14:26:49,394,0.0992,12.45,val
2022-03-08 14:26:50,395,0.0613,27.80,train
2022-03-08 14:26:50,395,0.1370,9.91,val
2022-03-08 14:26:52,396,0.0602,29.77,train
2022-03-08 14:26:52,396,0.0849,26.29,val
2022-03-08 14:26:53,397,0.0575,31.07,train
2022-03-08 14:26:53,397,0.0774,28.10,val
2022-03-08 14:26:55,398,0.0623,30.31,train
2022-03-08 14:26:55,398,0.0815,14.11,val
2022-03-08 14:26:56,399,0.0607,30.62,train
2022-03-08 14:26:56,399,0.1285,14.95,val
2022-03-08 14:26:57,400,0.0613,30.55,train
2022-03-08 14:26:57,400,0.1200,16.35,val
2022-03-08 14:26:59,401,0.0576,31.65,train
2022-03-08 14:26:59,401,0.0842,12.26,val
2022-03-08 14:27:00,402,0.0596,29.79,train
2022-03-08 14:27:00,402,0.1125,16.21,val
2022-03-08 14:27:01,403,0.0603,31.25,train
2022-03-08 14:27:01,403,0.0892,10.64,val
2022-03-08 14:27:03,404,0.0570,30.39,train
2022-03-08 14:27:03,404,0.0708,25.61,val
2022-03-08 14:27:04,405,0.0589,29.78,train
2022-03-08 14:27:04,405,0.1383,17.37,val
2022-03-08 14:27:06,406,0.0619,27.14,train
2022-03-08 14:27:06,406,0.1008,11.70,val
2022-03-08 14:27:07,407,0.0580,30.68,train
2022-03-08 14:27:07,407,0.0790,21.48,val
2022-03-08 14:27:08,408,0.0627,28.00,train
2022-03-08 14:27:08,408,0.0840,13.92,val
2022-03-08 14:27:10,409,0.0655,27.72,train
2022-03-08 14:27:10,409,0.0795,15.42,val
2022-03-08 14:27:11,410,0.0611,31.85,train
2022-03-08 14:27:11,410,0.0943,11.85,val
2022-03-08 14:27:12,411,0.0586,27.79,train
2022-03-08 14:27:12,411,0.0737,19.52,val
2022-03-08 14:27:14,412,0.0569,31.44,train
2022-03-08 14:27:14,412,0.1155,12.55,val
2022-03-08 14:27:15,413,0.0625,27.18,train
2022-03-08 14:27:15,413,0.0947,18.01,val
2022-03-08 14:27:16,414,0.0588,30.20,train
2022-03-08 14:27:16,414,0.0822,14.43,val
2022-03-08 14:27:18,415,0.0606,28.51,train
2022-03-08 14:27:18,415,0.1256,12.04,val
2022-03-08 14:27:19,416,0.0587,28.87,train
2022-03-08 14:27:19,416,0.0829,27.05,val
2022-03-08 14:27:20,417,0.0583,30.52,train
2022-03-08 14:27:20,417,0.1006,20.95,val
2022-03-08 14:27:22,418,0.0606,27.50,train
2022-03-08 14:27:22,418,0.0815,13.84,val
2022-03-08 14:27:23,419,0.0653,27.10,train
2022-03-08 14:27:23,419,0.0875,17.51,val
2022-03-08 14:27:25,420,0.0673,25.57,train
2022-03-08 14:27:25,420,0.0910,19.06,val
2022-03-08 14:27:26,421,0.0605,28.88,train
2022-03-08 14:27:26,421,0.0887,15.84,val
2022-03-08 14:27:27,422,0.0559,29.83,train
2022-03-08 14:27:27,422,0.0838,13.19,val
2022-03-08 14:27:29,423,0.0575,30.78,train
2022-03-08 14:27:29,423,0.0864,24.13,val
2022-03-08 14:27:30,424,0.0577,30.22,train
2022-03-08 14:27:30,424,0.0926,19.08,val
2022-03-08 14:27:32,425,0.0626,28.02,train
2022-03-08 14:27:32,425,0.1163,15.25,val
2022-03-08 14:27:33,426,0.0555,32.51,train
2022-03-08 14:27:33,426,0.0699,13.10,val
2022-03-08 14:27:35,427,0.0604,25.26,train
2022-03-08 14:27:35,427,0.1096,12.99,val
2022-03-08 14:27:36,428,0.0597,26.31,train
2022-03-08 14:27:36,428,0.0785,15.45,val
2022-03-08 14:27:38,429,0.0625,22.73,train
2022-03-08 14:27:38,429,0.0942,20.61,val
2022-03-08 14:27:39,430,0.0564,29.12,train
2022-03-08 14:27:39,430,0.0838,23.39,val
2022-03-08 14:27:41,431,0.0615,27.95,train
2022-03-08 14:27:41,431,0.0922,15.11,val
2022-03-08 14:27:42,432,0.0569,27.13,train
2022-03-08 14:27:42,432,0.1049,21.61,val
2022-03-08 14:27:43,433,0.0622,25.32,train
2022-03-08 14:27:43,433,0.0794,20.02,val
2022-03-08 14:27:45,434,0.0589,29.12,train
2022-03-08 14:27:45,434,0.1195,11.98,val
2022-03-08 14:27:46,435,0.0570,29.29,train
2022-03-08 14:27:46,435,0.0837,15.61,val
2022-03-08 14:27:47,436,0.0603,30.31,train
2022-03-08 14:27:47,436,0.0778,22.05,val
2022-03-08 14:27:49,437,0.0568,32.42,train
2022-03-08 14:27:49,437,0.1199,19.72,val
2022-03-08 14:27:50,438,0.0631,29.58,train
2022-03-08 14:27:50,438,0.0831,25.31,val
2022-03-08 14:27:51,439,0.0573,28.69,train
2022-03-08 14:27:51,439,0.1436,12.38,val
2022-03-08 14:27:53,440,0.0683,23.64,train
2022-03-08 14:27:53,440,0.1134,18.36,val
2022-03-08 14:27:54,441,0.0648,24.34,train
2022-03-08 14:27:54,441,0.1647,10.21,val
2022-03-08 14:27:56,442,0.0591,24.83,train
2022-03-08 14:27:56,442,0.0961,14.04,val
2022-03-08 14:27:57,443,0.0607,26.60,train
2022-03-08 14:27:57,443,0.0754,14.48,val
2022-03-08 14:27:58,444,0.0628,25.82,train
2022-03-08 14:27:58,444,0.0688,26.41,val
2022-03-08 14:28:00,445,0.0588,26.89,train
2022-03-08 14:28:00,445,0.0961,18.46,val
2022-03-08 14:28:01,446,0.0634,25.02,train
2022-03-08 14:28:01,446,0.0856,19.62,val
2022-03-08 14:28:02,447,0.0634,26.13,train
2022-03-08 14:28:02,447,0.1071,13.94,val
2022-03-08 14:28:04,448,0.0654,21.58,train
2022-03-08 14:28:04,448,0.1097,24.92,val
2022-03-08 14:28:05,449,0.0678,25.34,train
2022-03-08 14:28:05,449,0.0728,21.15,val
2022-03-08 14:28:06,450,0.0650,19.14,train
2022-03-08 14:28:06,450,0.0604,28.58,val
2022-03-08 14:28:08,451,0.0617,25.00,train
2022-03-08 14:28:08,451,0.0774,10.87,val
2022-03-08 14:28:09,452,0.0648,18.64,train
2022-03-08 14:28:09,452,0.0970,10.83,val
2022-03-08 14:28:11,453,0.0585,27.83,train
2022-03-08 14:28:11,453,0.0984,13.22,val
2022-03-08 14:28:12,454,0.0631,24.96,train
2022-03-08 14:28:12,454,0.0970,13.48,val
2022-03-08 14:28:13,455,0.0618,24.47,train
2022-03-08 14:28:13,455,0.0908,8.42,val
2022-03-08 14:28:15,456,0.0603,23.90,train
2022-03-08 14:28:15,456,0.0824,15.64,val
2022-03-08 14:28:16,457,0.0584,28.48,train
2022-03-08 14:28:16,457,0.0953,10.55,val
2022-03-08 14:28:18,458,0.0568,27.40,train
2022-03-08 14:28:18,458,0.0821,12.92,val
2022-03-08 14:28:19,459,0.0621,25.72,train
2022-03-08 14:28:19,459,0.0963,13.68,val
2022-03-08 14:28:21,460,0.0591,28.25,train
2022-03-08 14:28:21,460,0.0777,15.74,val
2022-03-08 14:28:22,461,0.0587,29.38,train
2022-03-08 14:28:22,461,0.1030,12.45,val
2022-03-08 14:28:24,462,0.0572,30.32,train
2022-03-08 14:28:24,462,0.1263,18.70,val
2022-03-08 14:28:25,463,0.0565,28.39,train
2022-03-08 14:28:25,463,0.0718,28.10,val
2022-03-08 14:28:27,464,0.0583,29.88,train
2022-03-08 14:28:27,464,0.0946,12.70,val
2022-03-08 14:28:28,465,0.0597,24.89,train
2022-03-08 14:28:28,465,0.0904,26.44,val
2022-03-08 14:28:29,466,0.0625,25.54,train
2022-03-08 14:28:29,466,0.0866,15.14,val
2022-03-08 14:28:31,467,0.0564,26.99,train
2022-03-08 14:28:31,467,0.1092,15.77,val
2022-03-08 14:28:32,468,0.0585,27.83,train
2022-03-08 14:28:32,468,0.1308,14.96,val
2022-03-08 14:28:34,469,0.0633,27.66,train
2022-03-08 14:28:34,469,0.1083,13.56,val
2022-03-08 14:28:35,470,0.0579,30.32,train
2022-03-08 14:28:35,470,0.1344,10.41,val
2022-03-08 14:28:36,471,0.0598,27.10,train
2022-03-08 14:28:36,471,0.0804,16.50,val
2022-03-08 14:28:38,472,0.0587,31.67,train
2022-03-08 14:28:38,472,0.1039,10.45,val
2022-03-08 14:28:39,473,0.0581,29.96,train
2022-03-08 14:28:39,473,0.1026,21.77,val
2022-03-08 14:28:40,474,0.0599,29.79,train
2022-03-08 14:28:40,474,0.0874,13.74,val
2022-03-08 14:28:42,475,0.0592,29.25,train
2022-03-08 14:28:42,475,0.0894,12.34,val
2022-03-08 14:28:43,476,0.0603,27.74,train
2022-03-08 14:28:43,476,0.1239,11.50,val
2022-03-08 14:28:45,477,0.0602,27.35,train
2022-03-08 14:28:45,477,0.0649,20.24,val
2022-03-08 14:28:46,478,0.0591,29.71,train
2022-03-08 14:28:46,478,0.0806,15.81,val
2022-03-08 14:28:47,479,0.0609,27.20,train
2022-03-08 14:28:47,479,0.0900,14.97,val
2022-03-08 14:28:49,480,0.0606,29.77,train
2022-03-08 14:28:49,480,0.0873,13.79,val
2022-03-08 14:28:50,481,0.0612,27.13,train
2022-03-08 14:28:50,481,0.1311,8.63,val
2022-03-08 14:28:51,482,0.0616,27.82,train
2022-03-08 14:28:51,482,0.0876,22.92,val
2022-03-08 14:28:53,483,0.0644,26.43,train
2022-03-08 14:28:53,483,0.0873,11.84,val
2022-03-08 14:28:54,484,0.0611,27.46,train
2022-03-08 14:28:54,484,0.1336,9.84,val
2022-03-08 14:28:55,485,0.0665,22.79,train
2022-03-08 14:28:55,485,0.0930,18.01,val
2022-03-08 14:28:57,486,0.0622,23.78,train
2022-03-08 14:28:57,486,0.0970,12.04,val
2022-03-08 14:28:58,487,0.0605,26.79,train
2022-03-08 14:28:58,487,0.1065,12.72,val
2022-03-08 14:29:00,488,0.0621,27.58,train
2022-03-08 14:29:00,488,0.0657,19.29,val
2022-03-08 14:29:01,489,0.0569,26.46,train
2022-03-08 14:29:01,489,0.1034,9.09,val
2022-03-08 14:29:03,490,0.0581,28.88,train
2022-03-08 14:29:03,490,0.1157,15.74,val
2022-03-08 14:29:04,491,0.0616,22.29,train
2022-03-08 14:29:04,491,0.0986,14.70,val
2022-03-08 14:29:05,492,0.0599,27.18,train
2022-03-08 14:29:05,492,0.1322,12.72,val
2022-03-08 14:29:07,493,0.0611,25.98,train
2022-03-08 14:29:07,493,0.1409,9.46,val
2022-03-08 14:29:08,494,0.0634,27.79,train
2022-03-08 14:29:08,494,0.0880,12.00,val
2022-03-08 14:29:09,495,0.0567,28.96,train
2022-03-08 14:29:09,495,0.1298,12.61,val
2022-03-08 14:29:11,496,0.0566,30.15,train
2022-03-08 14:29:11,496,0.0743,22.28,val
2022-03-08 14:29:12,497,0.0645,26.14,train
2022-03-08 14:29:12,497,0.1132,8.00,val
2022-03-08 14:29:14,498,0.0590,23.34,train
2022-03-08 14:29:14,498,0.0897,18.04,val
2022-03-08 14:29:15,499,0.0584,28.28,train
2022-03-08 14:29:15,499,0.0935,12.40,val
2022-03-08 14:29:16,500,0.0565,31.33,train
2022-03-08 14:29:16,500,0.0908,22.25,val
2022-03-08 14:29:18,501,0.0593,30.12,train
2022-03-08 14:29:18,501,0.0977,11.54,val
2022-03-08 14:29:19,502,0.0598,24.88,train
2022-03-08 14:29:19,502,0.1029,21.69,val
2022-03-08 14:29:20,503,0.0593,28.69,train
2022-03-08 14:29:20,503,0.1284,18.61,val
2022-03-08 14:29:22,504,0.0588,30.65,train
2022-03-08 14:29:22,504,0.1528,10.97,val
2022-03-08 14:29:23,505,0.0623,28.59,train
2022-03-08 14:29:23,505,0.0745,21.40,val
2022-03-08 14:29:25,506,0.0601,30.41,train
2022-03-08 14:29:25,506,0.0635,28.26,val
2022-03-08 14:29:26,507,0.0560,30.73,train
2022-03-08 14:29:26,507,0.0847,27.08,val
2022-03-08 14:29:28,508,0.0582,29.78,train
2022-03-08 14:29:28,508,0.1021,20.96,val
2022-03-08 14:29:29,509,0.0585,31.29,train
2022-03-08 14:29:29,509,0.0773,15.89,val
2022-03-08 14:29:30,510,0.0593,26.54,train
2022-03-08 14:29:30,510,0.1115,18.08,val
2022-03-08 14:29:32,511,0.0589,27.42,train
2022-03-08 14:29:32,511,0.0814,18.77,val
2022-03-08 14:29:33,512,0.0627,27.41,train
2022-03-08 14:29:33,512,0.0919,9.53,val
2022-03-08 14:29:35,513,0.0608,28.08,train
2022-03-08 14:29:35,513,0.1604,12.28,val
2022-03-08 14:29:36,514,0.0601,27.10,train
2022-03-08 14:29:36,514,0.1204,12.87,val
2022-03-08 14:29:38,515,0.0598,27.57,train
2022-03-08 14:29:38,515,0.0853,14.11,val
2022-03-08 14:29:39,516,0.0587,29.62,train
2022-03-08 14:29:39,516,0.0895,21.41,val
2022-03-08 14:29:40,517,0.0595,30.20,train
2022-03-08 14:29:40,517,0.1038,14.96,val
2022-03-08 14:29:42,518,0.0593,30.52,train
2022-03-08 14:29:42,518,0.0849,14.17,val
2022-03-08 14:29:43,519,0.0596,30.08,train
2022-03-08 14:29:43,519,0.1563,10.57,val
2022-03-08 14:29:45,520,0.0599,28.80,train
2022-03-08 14:29:45,520,0.0840,18.24,val
2022-03-08 14:29:46,521,0.0588,27.21,train
2022-03-08 14:29:46,521,0.0649,15.38,val
2022-03-08 14:29:47,522,0.0603,23.10,train
2022-03-08 14:29:47,522,0.1055,11.73,val
2022-03-08 14:29:49,523,0.0606,27.36,train
2022-03-08 14:29:49,523,0.0620,21.44,val
2022-03-08 14:29:50,524,0.0567,28.78,train
2022-03-08 14:29:50,524,0.0967,14.02,val
2022-03-08 14:29:52,525,0.0648,27.87,train
2022-03-08 14:29:52,525,0.0862,16.81,val
2022-03-08 14:29:53,526,0.0564,30.01,train
2022-03-08 14:29:53,526,0.0982,16.59,val
2022-03-08 14:29:54,527,0.0565,30.93,train
2022-03-08 14:29:54,527,0.1128,10.31,val
2022-03-08 14:29:56,528,0.0592,27.82,train
2022-03-08 14:29:56,528,0.0832,18.27,val
2022-03-08 14:29:57,529,0.0605,22.88,train
2022-03-08 14:29:57,529,0.1146,16.32,val
2022-03-08 14:29:58,530,0.0591,28.39,train
2022-03-08 14:29:58,530,0.0822,10.62,val
2022-03-08 14:30:00,531,0.0584,25.47,train
2022-03-08 14:30:00,531,0.0919,22.12,val
2022-03-08 14:30:01,532,0.0602,26.75,train
2022-03-08 14:30:01,532,0.1492,13.88,val
2022-03-08 14:30:03,533,0.0608,25.18,train
2022-03-08 14:30:03,533,0.1123,18.93,val
2022-03-08 14:30:04,534,0.0605,27.46,train
2022-03-08 14:30:04,534,0.0981,9.93,val
2022-03-08 14:30:05,535,0.0592,27.55,train
2022-03-08 14:30:05,535,0.1073,12.79,val
2022-03-08 14:30:07,536,0.0611,27.43,train
2022-03-08 14:30:07,536,0.1113,11.01,val
2022-03-08 14:30:08,537,0.0583,28.92,train
2022-03-08 14:30:08,537,0.1167,7.92,val
2022-03-08 14:30:10,538,0.0600,27.98,train
2022-03-08 14:30:10,538,0.0653,28.65,val
2022-03-08 14:30:11,539,0.0579,29.04,train
2022-03-08 14:30:11,539,0.0844,13.75,val
2022-03-08 14:30:12,540,0.0627,27.51,train
2022-03-08 14:30:12,540,0.0956,12.86,val
2022-03-08 14:30:14,541,0.0581,29.07,train
2022-03-08 14:30:14,541,0.0949,11.67,val
2022-03-08 14:30:15,542,0.0644,27.81,train
2022-03-08 14:30:15,542,0.0917,17.43,val
2022-03-08 14:30:16,543,0.0608,27.19,train
2022-03-08 14:30:16,543,0.1150,14.05,val
2022-03-08 14:30:18,544,0.0577,27.48,train
2022-03-08 14:30:18,544,0.1027,10.88,val
2022-03-08 14:30:19,545,0.0570,31.42,train
2022-03-08 14:30:19,545,0.1032,19.11,val
2022-03-08 14:30:21,546,0.0590,30.05,train
2022-03-08 14:30:21,546,0.0869,22.31,val
2022-03-08 14:30:22,547,0.0552,32.57,train
2022-03-08 14:30:22,547,0.1018,10.27,val
2022-03-08 14:30:23,548,0.0623,29.78,train
2022-03-08 14:30:23,548,0.1289,13.18,val
2022-03-08 14:30:25,549,0.0593,28.65,train
2022-03-08 14:30:25,549,0.1336,9.67,val
2022-03-08 14:30:26,550,0.0570,33.56,train
2022-03-08 14:30:26,550,0.0816,18.85,val
2022-03-08 14:30:28,551,0.0548,32.62,train
2022-03-08 14:30:28,551,0.0775,18.08,val
2022-03-08 14:30:29,552,0.0596,30.93,train
2022-03-08 14:30:29,552,0.0982,14.81,val
2022-03-08 14:30:30,553,0.0609,30.79,train
2022-03-08 14:30:30,553,0.1195,17.81,val
2022-03-08 14:30:32,554,0.0569,30.34,train
2022-03-08 14:30:32,554,0.1529,12.79,val
2022-03-08 14:30:33,555,0.0570,30.41,train
2022-03-08 14:30:33,555,0.0917,27.10,val
2022-03-08 14:30:34,556,0.0586,32.87,train
2022-03-08 14:30:34,556,0.1019,11.79,val
2022-03-08 14:30:36,557,0.0580,31.99,train
2022-03-08 14:30:36,557,0.1297,11.26,val
2022-03-08 14:30:37,558,0.0581,28.93,train
2022-03-08 14:30:37,558,0.1195,17.54,val
2022-03-08 14:30:38,559,0.0577,30.11,train
2022-03-08 14:30:38,559,0.0862,22.50,val
2022-03-08 14:30:40,560,0.0563,31.99,train
2022-03-08 14:30:40,560,0.0835,17.99,val
2022-03-08 14:30:41,561,0.0587,31.26,train
2022-03-08 14:30:41,561,0.1067,8.91,val
2022-03-08 14:30:42,562,0.0606,27.09,train
2022-03-08 14:30:42,562,0.0906,12.51,val
2022-03-08 14:30:44,563,0.0598,28.21,train
2022-03-08 14:30:44,563,0.1207,12.81,val
2022-03-08 14:30:45,564,0.0558,27.58,train
2022-03-08 14:30:45,564,0.0967,16.74,val
2022-03-08 14:30:46,565,0.0621,26.89,train
2022-03-08 14:30:46,565,0.1047,10.02,val
2022-03-08 14:30:48,566,0.0619,22.52,train
2022-03-08 14:30:48,566,0.0965,16.27,val
2022-03-08 14:30:49,567,0.0625,25.28,train
2022-03-08 14:30:49,567,0.0852,19.55,val
2022-03-08 14:30:50,568,0.0560,28.80,train
2022-03-08 14:30:50,568,0.0868,24.63,val
2022-03-08 14:30:52,569,0.0571,29.82,train
2022-03-08 14:30:52,569,0.1109,14.67,val
2022-03-08 14:30:53,570,0.0595,28.82,train
2022-03-08 14:30:53,570,0.0978,13.03,val
2022-03-08 14:30:55,571,0.0571,29.87,train
2022-03-08 14:30:55,571,0.1024,9.35,val
2022-03-08 14:30:56,572,0.0576,25.65,train
2022-03-08 14:30:56,572,0.0943,14.78,val
2022-03-08 14:30:58,573,0.0626,26.82,train
2022-03-08 14:30:58,573,0.0969,11.29,val
2022-03-08 14:30:59,574,0.0591,26.85,train
2022-03-08 14:30:59,574,0.0901,16.62,val
2022-03-08 14:31:01,575,0.0579,28.33,train
2022-03-08 14:31:01,575,0.1048,16.29,val
2022-03-08 14:31:02,576,0.0581,27.99,train
2022-03-08 14:31:02,576,0.1299,9.17,val
2022-03-08 14:31:04,577,0.0607,29.13,train
2022-03-08 14:31:04,577,0.0780,19.40,val
2022-03-08 14:31:05,578,0.0581,27.25,train
2022-03-08 14:31:05,578,0.0976,12.78,val
2022-03-08 14:31:07,579,0.0612,27.02,train
2022-03-08 14:31:07,579,0.0877,18.81,val
2022-03-08 14:31:08,580,0.0596,28.74,train
2022-03-08 14:31:08,580,0.0894,14.30,val
2022-03-08 14:31:09,581,0.0568,31.06,train
2022-03-08 14:31:09,581,0.0645,18.84,val
2022-03-08 14:31:11,582,0.0565,30.15,train
2022-03-08 14:31:11,582,0.0997,13.21,val
2022-03-08 14:31:12,583,0.0606,30.05,train
2022-03-08 14:31:12,583,0.0723,15.40,val
2022-03-08 14:31:13,584,0.0611,30.51,train
2022-03-08 14:31:13,584,0.1028,10.54,val
2022-03-08 14:31:15,585,0.0569,31.51,train
2022-03-08 14:31:15,585,0.0870,11.94,val
2022-03-08 14:31:16,586,0.0584,29.53,train
2022-03-08 14:31:16,586,0.1228,13.74,val
2022-03-08 14:31:18,587,0.0612,27.29,train
2022-03-08 14:31:18,587,0.0814,15.69,val
2022-03-08 14:31:19,588,0.0596,28.69,train
2022-03-08 14:31:19,588,0.0933,10.04,val
2022-03-08 14:31:20,589,0.0577,29.92,train
2022-03-08 14:31:20,589,0.1074,21.50,val
2022-03-08 14:31:22,590,0.0609,28.90,train
2022-03-08 14:31:22,590,0.0899,20.60,val
2022-03-08 14:31:23,591,0.0570,30.70,train
2022-03-08 14:31:23,591,0.1064,19.03,val
2022-03-08 14:31:25,592,0.0601,29.00,train
2022-03-08 14:31:25,592,0.0978,13.25,val
2022-03-08 14:31:26,593,0.0571,31.28,train
2022-03-08 14:31:26,593,0.1502,12.98,val
2022-03-08 14:31:27,594,0.0574,28.29,train
2022-03-08 14:31:27,594,0.0785,20.01,val
2022-03-08 14:31:29,595,0.0633,28.62,train
2022-03-08 14:31:29,595,0.0848,15.26,val
2022-03-08 14:31:30,596,0.0584,29.72,train
2022-03-08 14:31:30,596,0.1002,13.32,val
2022-03-08 14:31:31,597,0.0607,28.23,train
2022-03-08 14:31:31,597,0.0620,31.03,val
2022-03-08 14:31:33,598,0.0578,30.31,train
2022-03-08 14:31:33,598,0.0908,16.13,val
2022-03-08 14:31:34,599,0.0611,29.69,train
2022-03-08 14:31:34,599,0.1152,18.43,val
2022-03-08 14:31:36,600,0.0560,28.84,train
2022-03-08 14:31:36,600,0.0771,30.60,val
2022-03-08 14:31:37,601,0.0570,32.87,train
2022-03-08 14:31:37,601,0.0858,25.75,val
2022-03-08 14:31:38,602,0.0566,31.54,train
2022-03-08 14:31:38,602,0.0793,21.61,val
2022-03-08 14:31:40,603,0.0619,27.65,train
2022-03-08 14:31:40,603,0.1024,8.89,val
2022-03-08 14:31:41,604,0.0585,28.84,train
2022-03-08 14:31:41,604,0.0845,17.54,val
2022-03-08 14:31:42,605,0.0588,31.51,train
2022-03-08 14:31:42,605,0.0893,17.43,val
2022-03-08 14:31:44,606,0.0591,30.55,train
2022-03-08 14:31:44,606,0.1326,13.69,val
2022-03-08 14:31:45,607,0.0597,27.92,train
2022-03-08 14:31:45,607,0.1242,17.46,val
2022-03-08 14:31:47,608,0.0578,31.62,train
2022-03-08 14:31:47,608,0.1110,11.57,val
2022-03-08 14:31:48,609,0.0585,30.70,train
2022-03-08 14:31:48,609,0.0832,17.25,val
2022-03-08 14:31:49,610,0.0577,32.53,train
2022-03-08 14:31:49,610,0.0862,14.77,val
2022-03-08 14:31:51,611,0.0597,30.02,train
2022-03-08 14:31:51,611,0.0753,18.89,val
2022-03-08 14:31:52,612,0.0574,29.17,train
2022-03-08 14:31:52,612,0.1193,21.20,val
2022-03-08 14:31:54,613,0.0624,26.17,train
2022-03-08 14:31:54,613,0.0770,11.20,val
2022-03-08 14:31:55,614,0.0595,27.95,train
2022-03-08 14:31:55,614,0.1255,13.80,val
2022-03-08 14:31:56,615,0.0575,28.92,train
2022-03-08 14:31:56,615,0.1130,12.18,val
2022-03-08 14:31:58,616,0.0595,30.05,train
2022-03-08 14:31:58,616,0.0768,15.68,val
2022-03-08 14:31:59,617,0.0569,32.24,train
2022-03-08 14:31:59,617,0.0628,37.24,val
2022-03-08 14:32:01,618,0.0597,26.67,train
2022-03-08 14:32:01,618,0.0778,14.65,val
2022-03-08 14:32:03,619,0.0581,29.87,train
2022-03-08 14:32:03,619,0.0824,18.51,val
2022-03-08 14:32:04,620,0.0582,29.85,train
2022-03-08 14:32:04,620,0.1161,13.59,val
2022-03-08 14:32:05,621,0.0578,31.16,train
2022-03-08 14:32:05,621,0.1301,16.92,val
2022-03-08 14:32:07,622,0.0588,28.37,train
2022-03-08 14:32:07,622,0.0866,22.85,val
2022-03-08 14:32:08,623,0.0602,30.73,train
2022-03-08 14:32:08,623,0.0806,21.74,val
2022-03-08 14:32:09,624,0.0562,30.60,train
2022-03-08 14:32:09,624,0.0660,29.91,val
2022-03-08 14:32:11,625,0.0559,30.14,train
2022-03-08 14:32:11,625,0.1110,23.65,val
2022-03-08 14:32:12,626,0.0592,29.39,train
2022-03-08 14:32:12,626,0.0950,13.35,val
2022-03-08 14:32:14,627,0.0553,34.35,train
2022-03-08 14:32:14,627,0.0995,13.41,val
2022-03-08 14:32:15,628,0.0584,30.26,train
2022-03-08 14:32:15,628,0.0900,17.78,val
2022-03-08 14:32:16,629,0.0572,30.02,train
2022-03-08 14:32:16,629,0.1336,8.98,val
2022-03-08 14:32:18,630,0.0582,25.58,train
2022-03-08 14:32:18,630,0.1122,15.06,val
2022-03-08 14:32:19,631,0.0591,27.45,train
2022-03-08 14:32:19,631,0.0892,23.62,val
2022-03-08 14:32:20,632,0.0628,28.20,train
2022-03-08 14:32:20,632,0.0941,11.10,val
2022-03-08 14:32:22,633,0.0555,30.35,train
2022-03-08 14:32:22,633,0.1231,13.08,val
2022-03-08 14:32:23,634,0.0596,28.92,train
2022-03-08 14:32:23,634,0.0962,12.81,val
2022-03-08 14:32:25,635,0.0601,27.18,train
2022-03-08 14:32:25,635,0.1214,12.24,val
2022-03-08 14:32:26,636,0.0591,29.73,train
2022-03-08 14:32:26,636,0.1374,12.57,val
2022-03-08 14:32:27,637,0.0599,28.99,train
2022-03-08 14:32:27,637,0.0791,20.38,val
2022-03-08 14:32:29,638,0.0606,25.40,train
2022-03-08 14:32:29,638,0.1052,14.85,val
2022-03-08 14:32:30,639,0.0629,29.04,train
2022-03-08 14:32:30,639,0.0901,8.89,val
2022-03-08 14:32:31,640,0.0612,27.29,train
2022-03-08 14:32:31,640,0.1099,8.01,val
2022-03-08 14:32:33,641,0.0620,23.61,train
2022-03-08 14:32:33,641,0.1288,15.12,val
2022-03-08 14:32:34,642,0.0608,27.88,train
2022-03-08 14:32:34,642,0.0957,12.11,val
2022-03-08 14:32:35,643,0.0603,29.26,train
2022-03-08 14:32:35,643,0.0910,14.18,val
2022-03-08 14:32:37,644,0.0624,26.77,train
2022-03-08 14:32:37,644,0.1474,12.52,val
2022-03-08 14:32:38,645,0.0593,25.98,train
2022-03-08 14:32:38,645,0.1336,11.29,val
2022-03-08 14:32:40,646,0.0659,25.20,train
2022-03-08 14:32:40,646,0.0974,16.83,val
2022-03-08 14:32:41,647,0.0606,27.66,train
2022-03-08 14:32:41,647,0.0805,26.72,val
2022-03-08 14:32:42,648,0.0633,24.28,train
2022-03-08 14:32:42,648,0.0906,21.86,val
2022-03-08 14:32:44,649,0.0630,25.68,train
2022-03-08 14:32:44,649,0.0921,14.95,val
2022-03-08 14:32:45,650,0.0619,26.84,train
2022-03-08 14:32:45,650,0.1451,12.02,val
2022-03-08 14:32:47,651,0.0596,27.01,train
2022-03-08 14:32:47,651,0.0844,17.83,val
2022-03-08 14:32:48,652,0.0554,29.50,train
2022-03-08 14:32:48,652,0.0920,17.69,val
2022-03-08 14:32:49,653,0.0567,30.84,train
2022-03-08 14:32:49,653,0.1413,16.32,val
2022-03-08 14:32:51,654,0.0578,29.20,train
2022-03-08 14:32:51,654,0.0808,16.58,val
2022-03-08 14:32:52,655,0.0614,28.23,train
2022-03-08 14:32:52,655,0.0971,10.31,val
2022-03-08 14:32:53,656,0.0650,26.97,train
2022-03-08 14:32:53,656,0.1239,12.54,val
2022-03-08 14:32:55,657,0.0561,29.07,train
2022-03-08 14:32:55,657,0.1074,15.51,val
2022-03-08 14:32:56,658,0.0617,28.37,train
2022-03-08 14:32:56,658,0.1120,10.34,val
2022-03-08 14:32:57,659,0.0592,29.26,train
2022-03-08 14:32:57,659,0.0889,19.20,val
2022-03-08 14:32:59,660,0.0617,26.71,train
2022-03-08 14:32:59,660,0.0672,21.41,val
2022-03-08 14:33:00,661,0.0618,28.29,train
2022-03-08 14:33:00,661,0.0995,15.05,val
2022-03-08 14:33:02,662,0.0588,25.68,train
2022-03-08 14:33:02,662,0.1128,12.62,val
2022-03-08 14:33:03,663,0.0639,24.61,train
2022-03-08 14:33:03,663,0.1043,27.91,val
2022-03-08 14:33:04,664,0.0590,28.51,train
2022-03-08 14:33:04,664,0.0769,15.64,val
2022-03-08 14:33:06,665,0.0582,28.44,train
2022-03-08 14:33:06,665,0.0784,16.76,val
2022-03-08 14:33:07,666,0.0596,27.68,train
2022-03-08 14:33:07,666,0.1003,10.94,val
2022-03-08 14:33:08,667,0.0641,26.35,train
2022-03-08 14:33:08,667,0.0988,22.92,val
2022-03-08 14:33:10,668,0.0611,27.90,train
2022-03-08 14:33:10,668,0.0857,12.23,val
2022-03-08 14:33:11,669,0.0602,27.46,train
2022-03-08 14:33:11,669,0.0922,14.81,val
2022-03-08 14:33:13,670,0.0578,29.45,train
2022-03-08 14:33:13,670,0.1275,12.74,val
2022-03-08 14:33:14,671,0.0560,29.96,train
2022-03-08 14:33:14,671,0.1247,13.94,val
2022-03-08 14:33:15,672,0.0592,27.00,train
2022-03-08 14:33:15,672,0.0971,17.31,val
2022-03-08 14:33:17,673,0.0602,29.87,train
2022-03-08 14:33:17,673,0.1149,12.40,val
2022-03-08 14:33:18,674,0.0566,30.42,train
2022-03-08 14:33:18,674,0.0644,29.94,val
2022-03-08 14:33:20,675,0.0644,26.70,train
2022-03-08 14:33:20,675,0.0900,21.13,val
2022-03-08 14:33:21,676,0.0617,25.71,train
2022-03-08 14:33:21,676,0.0984,12.99,val
2022-03-08 14:33:23,677,0.0636,27.16,train
2022-03-08 14:33:23,677,0.0886,17.86,val
2022-03-08 14:33:24,678,0.0564,27.67,train
2022-03-08 14:33:24,678,0.0932,15.78,val
2022-03-08 14:33:25,679,0.0633,26.71,train
2022-03-08 14:33:25,679,0.1044,14.58,val
2022-03-08 14:33:27,680,0.0577,28.05,train
2022-03-08 14:33:27,680,0.0893,14.08,val
2022-03-08 14:33:28,681,0.0613,28.75,train
2022-03-08 14:33:28,681,0.0770,17.40,val
2022-03-08 14:33:30,682,0.0566,29.08,train
2022-03-08 14:33:30,682,0.0795,22.81,val
2022-03-08 14:33:31,683,0.0591,27.55,train
2022-03-08 14:33:31,683,0.0718,18.66,val
2022-03-08 14:33:32,684,0.0543,31.75,train
2022-03-08 14:33:32,684,0.0938,11.70,val
2022-03-08 14:33:34,685,0.0573,29.61,train
2022-03-08 14:33:34,685,0.0852,14.75,val
2022-03-08 14:33:35,686,0.0568,30.39,train
2022-03-08 14:33:35,686,0.0843,13.44,val
2022-03-08 14:33:37,687,0.0610,29.05,train
2022-03-08 14:33:37,687,0.0732,9.26,val
2022-03-08 14:33:38,688,0.0604,25.23,train
2022-03-08 14:33:38,688,0.0945,20.35,val
2022-03-08 14:33:39,689,0.0591,27.03,train
2022-03-08 14:33:39,689,0.0969,13.10,val
2022-03-08 14:33:41,690,0.0608,27.93,train
2022-03-08 14:33:41,690,0.0846,18.74,val
2022-03-08 14:33:42,691,0.0578,29.60,train
2022-03-08 14:33:42,691,0.1272,14.89,val
2022-03-08 14:33:44,692,0.0573,28.47,train
2022-03-08 14:33:44,692,0.1039,14.71,val
2022-03-08 14:33:45,693,0.0580,28.65,train
2022-03-08 14:33:45,693,0.0831,14.84,val
2022-03-08 14:33:46,694,0.0603,29.71,train
2022-03-08 14:33:46,694,0.1424,18.27,val
2022-03-08 14:33:48,695,0.0613,27.78,train
2022-03-08 14:33:48,695,0.0873,18.33,val
2022-03-08 14:33:49,696,0.0587,27.20,train
2022-03-08 14:33:49,696,0.1322,12.95,val
2022-03-08 14:33:50,697,0.0577,27.81,train
2022-03-08 14:33:50,697,0.0919,16.32,val
2022-03-08 14:33:52,698,0.0595,29.86,train
2022-03-08 14:33:52,698,0.1316,12.86,val
2022-03-08 14:33:53,699,0.0592,23.63,train
2022-03-08 14:33:53,699,0.0927,14.72,val
2022-03-08 14:33:55,700,0.0650,23.79,train
2022-03-08 14:33:55,700,0.0796,14.17,val
2022-03-08 14:33:56,701,0.0589,28.75,train
2022-03-08 14:33:56,701,0.0848,13.68,val
2022-03-08 14:33:57,702,0.0607,27.65,train
2022-03-08 14:33:57,702,0.0718,17.40,val
2022-03-08 14:33:59,703,0.0595,31.58,train
2022-03-08 14:33:59,703,0.1105,14.73,val
2022-03-08 14:34:00,704,0.0600,27.36,train
2022-03-08 14:34:00,704,0.1087,15.23,val
2022-03-08 14:34:01,705,0.0623,27.25,train
2022-03-08 14:34:01,705,0.0797,19.63,val
2022-03-08 14:34:03,706,0.0660,25.84,train
2022-03-08 14:34:03,706,0.0997,12.63,val
2022-03-08 14:34:04,707,0.0583,28.62,train
2022-03-08 14:34:04,707,0.0990,14.41,val
2022-03-08 14:34:06,708,0.0565,30.34,train
2022-03-08 14:34:06,708,0.0831,30.13,val
2022-03-08 14:34:07,709,0.0550,32.63,train
2022-03-08 14:34:07,709,0.0999,12.60,val
2022-03-08 14:34:08,710,0.0598,30.92,train
2022-03-08 14:34:08,710,0.0838,16.22,val
2022-03-08 14:34:10,711,0.0562,28.89,train
2022-03-08 14:34:10,711,0.0987,15.25,val
2022-03-08 14:34:11,712,0.0607,29.51,train
2022-03-08 14:34:11,712,0.1096,18.70,val
2022-03-08 14:34:13,713,0.0629,28.52,train
2022-03-08 14:34:13,713,0.1374,24.09,val
2022-03-08 14:34:14,714,0.0614,30.16,train
2022-03-08 14:34:14,714,0.1407,14.83,val
2022-03-08 14:34:16,715,0.0590,28.85,train
2022-03-08 14:34:16,715,0.1598,11.15,val
2022-03-08 14:34:17,716,0.0591,28.67,train
2022-03-08 14:34:17,716,0.1690,18.94,val
2022-03-08 14:34:18,717,0.0556,30.22,train
2022-03-08 14:34:18,717,0.0822,17.21,val
2022-03-08 14:34:20,718,0.0610,27.01,train
2022-03-08 14:34:20,718,0.0858,12.33,val
2022-03-08 14:34:21,719,0.0567,27.30,train
2022-03-08 14:34:21,719,0.1312,12.34,val
2022-03-08 14:34:23,720,0.0600,28.91,train
2022-03-08 14:34:23,720,0.1016,16.29,val
2022-03-08 14:34:24,721,0.0586,29.40,train
2022-03-08 14:34:24,721,0.0813,16.29,val
2022-03-08 14:34:25,722,0.0612,28.21,train
2022-03-08 14:34:25,722,0.1118,16.96,val
2022-03-08 14:34:27,723,0.0611,29.52,train
2022-03-08 14:34:27,723,0.1326,12.74,val
2022-03-08 14:34:28,724,0.0579,27.88,train
2022-03-08 14:34:28,724,0.0926,19.41,val
2022-03-08 14:34:29,725,0.0610,28.57,train
2022-03-08 14:34:29,725,0.1164,10.88,val
2022-03-08 14:34:31,726,0.0610,29.32,train
2022-03-08 14:34:31,726,0.1151,10.84,val
2022-03-08 14:34:32,727,0.0592,30.26,train
2022-03-08 14:34:32,727,0.1535,11.06,val
2022-03-08 14:34:34,728,0.0563,32.24,train
2022-03-08 14:34:34,728,0.1001,16.93,val
2022-03-08 14:34:35,729,0.0655,26.93,train
2022-03-08 14:34:35,729,0.1523,10.47,val
2022-03-08 14:34:36,730,0.0594,29.49,train
2022-03-08 14:34:36,730,0.1027,18.50,val
2022-03-08 14:34:38,731,0.0560,31.70,train
2022-03-08 14:34:38,731,0.1032,12.86,val
2022-03-08 14:34:39,732,0.0573,32.57,train
2022-03-08 14:34:39,732,0.1201,19.32,val
2022-03-08 14:34:40,733,0.0591,30.82,train
2022-03-08 14:34:40,733,0.1169,8.84,val
2022-03-08 14:34:42,734,0.0566,31.31,train
2022-03-08 14:34:42,734,0.0712,19.87,val
2022-03-08 14:34:43,735,0.0671,29.89,train
2022-03-08 14:34:43,735,0.0979,9.23,val
2022-03-08 14:34:45,736,0.0607,29.01,train
2022-03-08 14:34:45,736,0.1082,21.38,val
2022-03-08 14:34:46,737,0.0593,29.15,train
2022-03-08 14:34:46,737,0.1311,13.20,val
2022-03-08 14:34:47,738,0.0592,29.77,train
2022-03-08 14:34:47,738,0.1466,10.93,val
2022-03-08 14:34:49,739,0.0603,29.09,train
2022-03-08 14:34:49,739,0.1380,11.63,val
2022-03-08 14:34:50,740,0.0585,28.10,train
2022-03-08 14:34:50,740,0.0655,18.53,val
2022-03-08 14:34:52,741,0.0563,32.36,train
2022-03-08 14:34:52,741,0.1037,11.68,val
2022-03-08 14:34:53,742,0.0593,30.96,train
2022-03-08 14:34:53,742,0.0799,16.84,val
2022-03-08 14:34:54,743,0.0563,32.18,train
2022-03-08 14:34:54,743,0.1030,9.30,val
2022-03-08 14:34:56,744,0.0565,32.47,train
2022-03-08 14:34:56,744,0.0715,15.65,val
2022-03-08 14:34:57,745,0.0563,31.02,train
2022-03-08 14:34:57,745,0.0879,11.41,val
2022-03-08 14:34:58,746,0.0613,29.59,train
2022-03-08 14:34:58,746,0.0839,27.27,val
2022-03-08 14:35:00,747,0.0560,30.80,train
2022-03-08 14:35:00,747,0.0970,15.79,val
2022-03-08 14:35:01,748,0.0562,31.23,train
2022-03-08 14:35:01,748,0.1018,8.68,val
2022-03-08 14:35:03,749,0.0570,30.60,train
2022-03-08 14:35:03,749,0.0802,19.11,val
2022-03-08 14:35:04,750,0.0613,29.55,train
2022-03-08 14:35:04,750,0.1418,10.13,val
2022-03-08 14:35:05,751,0.0573,33.67,train
2022-03-08 14:35:05,751,0.1470,10.28,val
2022-03-08 14:35:07,752,0.0592,30.29,train
2022-03-08 14:35:07,752,0.0739,18.27,val
2022-03-08 14:35:08,753,0.0573,31.28,train
2022-03-08 14:35:08,753,0.0788,27.22,val
2022-03-08 14:35:10,754,0.0609,30.97,train
2022-03-08 14:35:10,754,0.0744,13.69,val
2022-03-08 14:35:11,755,0.0564,30.63,train
2022-03-08 14:35:11,755,0.1501,14.75,val
2022-03-08 14:35:12,756,0.0562,30.02,train
2022-03-08 14:35:12,756,0.0952,11.34,val
2022-03-08 14:35:14,757,0.0591,28.96,train
2022-03-08 14:35:14,757,0.0855,16.17,val
2022-03-08 14:35:15,758,0.0605,26.74,train
2022-03-08 14:35:15,758,0.0688,13.15,val
2022-03-08 14:35:16,759,0.0579,32.75,train
2022-03-08 14:35:16,759,0.1158,15.46,val
2022-03-08 14:35:18,760,0.0603,29.14,train
2022-03-08 14:35:18,760,0.1649,12.89,val
2022-03-08 14:35:19,761,0.0597,30.72,train
2022-03-08 14:35:19,761,0.0990,11.97,val
2022-03-08 14:35:20,762,0.0602,28.98,train
2022-03-08 14:35:20,762,0.0796,17.37,val
2022-03-08 14:35:22,763,0.0592,30.01,train
2022-03-08 14:35:22,763,0.1587,9.82,val
2022-03-08 14:35:23,764,0.0594,30.65,train
2022-03-08 14:35:23,764,0.1009,14.40,val
2022-03-08 14:35:24,765,0.0631,27.50,train
2022-03-08 14:35:24,765,0.0927,9.78,val
2022-03-08 14:35:26,766,0.0572,30.58,train
2022-03-08 14:35:26,766,0.0871,18.54,val
2022-03-08 14:35:27,767,0.0587,31.48,train
2022-03-08 14:35:27,767,0.1242,9.58,val
2022-03-08 14:35:28,768,0.0608,29.45,train
2022-03-08 14:35:28,768,0.0798,29.45,val
2022-03-08 14:35:30,769,0.0580,29.58,train
2022-03-08 14:35:30,769,0.0781,17.94,val
2022-03-08 14:35:31,770,0.0565,29.37,train
2022-03-08 14:35:31,770,0.0919,9.22,val
2022-03-08 14:35:33,771,0.0572,30.35,train
2022-03-08 14:35:33,771,0.1462,9.61,val
2022-03-08 14:35:34,772,0.0561,30.45,train
2022-03-08 14:35:34,772,0.0875,14.18,val
2022-03-08 14:35:35,773,0.0590,29.06,train
2022-03-08 14:35:35,773,0.0832,18.85,val
2022-03-08 14:35:37,774,0.0609,29.21,train
2022-03-08 14:35:37,774,0.1084,8.50,val
2022-03-08 14:35:38,775,0.0640,28.01,train
2022-03-08 14:35:38,775,0.0870,20.57,val
2022-03-08 14:35:39,776,0.0630,26.74,train
2022-03-08 14:35:39,776,0.0744,19.31,val
2022-03-08 14:35:41,777,0.0575,29.04,train
2022-03-08 14:35:41,777,0.1209,17.03,val
2022-03-08 14:35:42,778,0.0580,28.09,train
2022-03-08 14:35:42,778,0.0852,18.92,val
2022-03-08 14:35:44,779,0.0597,27.15,train
2022-03-08 14:35:44,779,0.0753,21.95,val
2022-03-08 14:35:45,780,0.0591,28.95,train
2022-03-08 14:35:45,780,0.1123,14.45,val
2022-03-08 14:35:47,781,0.0588,29.56,train
2022-03-08 14:35:47,781,0.0817,15.25,val
2022-03-08 14:35:48,782,0.0573,32.25,train
2022-03-08 14:35:48,782,0.0780,25.99,val
2022-03-08 14:35:49,783,0.0578,29.98,train
2022-03-08 14:35:49,783,0.0651,26.10,val
2022-03-08 14:35:51,784,0.0613,27.90,train
2022-03-08 14:35:51,784,0.0991,17.76,val
2022-03-08 14:35:52,785,0.0559,28.86,train
2022-03-08 14:35:52,785,0.0864,19.02,val
2022-03-08 14:35:54,786,0.0583,26.63,train
2022-03-08 14:35:54,786,0.1386,12.89,val
2022-03-08 14:35:55,787,0.0567,28.51,train
2022-03-08 14:35:55,787,0.0838,16.29,val
2022-03-08 14:35:56,788,0.0578,29.57,train
2022-03-08 14:35:56,788,0.0730,23.55,val
2022-03-08 14:35:58,789,0.0561,28.07,train
2022-03-08 14:35:58,789,0.1098,18.61,val
2022-03-08 14:35:59,790,0.0645,28.71,train
2022-03-08 14:35:59,790,0.0651,21.06,val
2022-03-08 14:36:00,791,0.0571,29.58,train
2022-03-08 14:36:00,791,0.0963,15.22,val
2022-03-08 14:36:02,792,0.0578,27.72,train
2022-03-08 14:36:02,792,0.0882,24.36,val
2022-03-08 14:36:03,793,0.0568,30.11,train
2022-03-08 14:36:03,793,0.0862,17.64,val
2022-03-08 14:36:04,794,0.0614,28.65,train
2022-03-08 14:36:04,794,0.0838,12.72,val
2022-03-08 14:36:06,795,0.0643,27.59,train
2022-03-08 14:36:06,795,0.0684,26.64,val
2022-03-08 14:36:07,796,0.0597,27.58,train
2022-03-08 14:36:07,796,0.0696,21.01,val
2022-03-08 14:36:08,797,0.0674,21.34,train
2022-03-08 14:36:08,797,0.1313,17.14,val
2022-03-08 14:36:10,798,0.0622,26.91,train
2022-03-08 14:36:10,798,0.0772,19.02,val
2022-03-08 14:36:11,799,0.0630,27.20,train
2022-03-08 14:36:11,799,0.1009,11.32,val
2022-03-08 14:36:12,800,0.0675,21.38,train
2022-03-08 14:36:12,800,0.0902,21.06,val
2022-03-08 14:36:14,801,0.0662,20.61,train
2022-03-08 14:36:14,801,0.1032,18.18,val
2022-03-08 14:36:15,802,0.0585,27.87,train
2022-03-08 14:36:15,802,0.0812,16.32,val
2022-03-08 14:36:16,803,0.0666,21.63,train
2022-03-08 14:36:16,803,0.0809,12.06,val
2022-03-08 14:36:18,804,0.0650,21.77,train
2022-03-08 14:36:18,804,0.0888,12.22,val
2022-03-08 14:36:19,805,0.0663,19.76,train
2022-03-08 14:36:19,805,0.0880,11.32,val
2022-03-08 14:36:21,806,0.0738,24.11,train
2022-03-08 14:36:21,806,0.0809,13.47,val
2022-03-08 14:36:22,807,0.0638,18.54,train
2022-03-08 14:36:22,807,0.0818,20.79,val
2022-03-08 14:36:23,808,0.0661,21.00,train
2022-03-08 14:36:23,808,0.0917,9.29,val
2022-03-08 14:36:25,809,0.0626,24.52,train
2022-03-08 14:36:25,809,0.0790,15.12,val
2022-03-08 14:36:26,810,0.0618,23.00,train
2022-03-08 14:36:26,810,0.0895,18.60,val
2022-03-08 14:36:28,811,0.0702,24.15,train
2022-03-08 14:36:28,811,0.0808,12.25,val
2022-03-08 14:36:29,812,0.0690,19.67,train
2022-03-08 14:36:29,812,0.0650,24.33,val
2022-03-08 14:36:30,813,0.0693,23.19,train
2022-03-08 14:36:30,813,0.0662,9.75,val
2022-03-08 14:36:32,814,0.0683,20.83,train
2022-03-08 14:36:32,814,0.1249,11.11,val
2022-03-08 14:36:33,815,0.0632,24.28,train
2022-03-08 14:36:33,815,0.0875,18.56,val
2022-03-08 14:36:35,816,0.0628,23.11,train
2022-03-08 14:36:35,816,0.0783,18.12,val
2022-03-08 14:36:36,817,0.0634,22.12,train
2022-03-08 14:36:36,817,0.1084,14.27,val
2022-03-08 14:36:37,818,0.0604,26.52,train
2022-03-08 14:36:37,818,0.0934,10.57,val
2022-03-08 14:36:39,819,0.0611,24.64,train
2022-03-08 14:36:39,819,0.0817,19.87,val
2022-03-08 14:36:40,820,0.0625,24.49,train
2022-03-08 14:36:40,820,0.0797,15.79,val
2022-03-08 14:36:42,821,0.0602,25.52,train
2022-03-08 14:36:42,821,0.0797,16.35,val
2022-03-08 14:36:43,822,0.0678,23.32,train
2022-03-08 14:36:43,822,0.0819,19.94,val
2022-03-08 14:36:44,823,0.0634,24.50,train
2022-03-08 14:36:44,823,0.1021,21.90,val
2022-03-08 14:36:46,824,0.0618,25.13,train
2022-03-08 14:36:46,824,0.1261,9.27,val
2022-03-08 14:36:47,825,0.0632,24.32,train
2022-03-08 14:36:47,825,0.0898,11.62,val
2022-03-08 14:36:48,826,0.0594,27.03,train
2022-03-08 14:36:48,826,0.1319,8.31,val
2022-03-08 14:36:50,827,0.0602,26.72,train
2022-03-08 14:36:50,827,0.1296,10.58,val
2022-03-08 14:36:51,828,0.0648,27.02,train
2022-03-08 14:36:51,828,0.0792,16.69,val
2022-03-08 14:36:52,829,0.0612,27.50,train
2022-03-08 14:36:52,829,0.0849,12.65,val
2022-03-08 14:36:54,830,0.0603,29.02,train
2022-03-08 14:36:54,830,0.0823,14.75,val
2022-03-08 14:36:55,831,0.0627,25.71,train
2022-03-08 14:36:55,831,0.0666,17.37,val
2022-03-08 14:36:56,832,0.0618,24.27,train
2022-03-08 14:36:56,832,0.0928,9.75,val
2022-03-08 14:36:58,833,0.0659,25.91,train
2022-03-08 14:36:58,833,0.0917,9.57,val
2022-03-08 14:36:59,834,0.0616,22.76,train
2022-03-08 14:36:59,834,0.0951,10.71,val
2022-03-08 14:37:01,835,0.0597,23.59,train
2022-03-08 14:37:01,835,0.1177,10.45,val
2022-03-08 14:37:02,836,0.0610,26.08,train
2022-03-08 14:37:02,836,0.1299,10.01,val
2022-03-08 14:37:04,837,0.0618,25.08,train
2022-03-08 14:37:04,837,0.0852,12.17,val
2022-03-08 14:37:05,838,0.0605,27.75,train
2022-03-08 14:37:05,838,0.1245,8.56,val
2022-03-08 14:37:07,839,0.0590,28.63,train
2022-03-08 14:37:07,839,0.0788,10.39,val
2022-03-08 14:37:08,840,0.0631,26.02,train
2022-03-08 14:37:08,840,0.0991,10.93,val
2022-03-08 14:37:10,841,0.0616,22.93,train
2022-03-08 14:37:10,841,0.0909,12.25,val
2022-03-08 14:37:11,842,0.0586,27.82,train
2022-03-08 14:37:11,842,0.1193,8.82,val
2022-03-08 14:37:12,843,0.0570,27.23,train
2022-03-08 14:37:12,843,0.0658,15.03,val
2022-03-08 14:37:14,844,0.0601,26.41,train
2022-03-08 14:37:14,844,0.0745,12.25,val
2022-03-08 14:37:15,845,0.0589,27.38,train
2022-03-08 14:37:15,845,0.0850,10.69,val
2022-03-08 14:37:17,846,0.0609,25.43,train
2022-03-08 14:37:17,846,0.0885,8.33,val
2022-03-08 14:37:18,847,0.0615,26.31,train
2022-03-08 14:37:18,847,0.1186,8.80,val
2022-03-08 14:37:19,848,0.0563,27.61,train
2022-03-08 14:37:19,848,0.0913,11.87,val
2022-03-08 14:37:21,849,0.0625,26.90,train
2022-03-08 14:37:21,849,0.1035,7.22,val
2022-03-08 14:37:22,850,0.0595,27.00,train
2022-03-08 14:37:22,850,0.0714,12.42,val
2022-03-08 14:37:23,851,0.0627,21.62,train
2022-03-08 14:37:23,851,0.1442,10.82,val
2022-03-08 14:37:25,852,0.0579,26.55,train
2022-03-08 14:37:25,852,0.1106,10.21,val
2022-03-08 14:37:26,853,0.0622,27.62,train
2022-03-08 14:37:26,853,0.1158,7.86,val
2022-03-08 14:37:28,854,0.0601,24.51,train
2022-03-08 14:37:28,854,0.1098,13.57,val
2022-03-08 14:37:29,855,0.0625,25.83,train
2022-03-08 14:37:29,855,0.0997,8.62,val
2022-03-08 14:37:30,856,0.0589,29.81,train
2022-03-08 14:37:30,856,0.0875,9.99,val
2022-03-08 14:37:32,857,0.0605,25.53,train
2022-03-08 14:37:32,857,0.1180,10.68,val
2022-03-08 14:37:33,858,0.0590,26.56,train
2022-03-08 14:37:33,858,0.0938,18.18,val
2022-03-08 14:37:34,859,0.0592,28.67,train
2022-03-08 14:37:34,859,0.0933,6.52,val
2022-03-08 14:37:36,860,0.0599,28.15,train
2022-03-08 14:37:36,860,0.0936,10.37,val
2022-03-08 14:37:37,861,0.0610,25.80,train
2022-03-08 14:37:37,861,0.0802,23.59,val
2022-03-08 14:37:39,862,0.0630,25.36,train
2022-03-08 14:37:39,862,0.1079,8.53,val
2022-03-08 14:37:40,863,0.0629,24.06,train
2022-03-08 14:37:40,863,0.1311,7.46,val
2022-03-08 14:37:41,864,0.0601,23.39,train
2022-03-08 14:37:41,864,0.0979,12.17,val
2022-03-08 14:37:43,865,0.0612,26.04,train
2022-03-08 14:37:43,865,0.0749,13.79,val
2022-03-08 14:37:44,866,0.0642,20.35,train
2022-03-08 14:37:44,866,0.0807,13.23,val
2022-03-08 14:37:45,867,0.1233,14.63,train
2022-03-08 14:37:45,867,0.0684,12.49,val
2022-03-08 14:37:47,868,0.0696,14.28,train
2022-03-08 14:37:47,868,0.0706,22.54,val
2022-03-08 14:37:48,869,0.0707,19.43,train
2022-03-08 14:37:48,869,0.0965,13.00,val
2022-03-08 14:37:49,870,0.0775,16.40,train
2022-03-08 14:37:49,870,0.0860,11.36,val
2022-03-08 14:37:51,871,0.0723,16.96,train
2022-03-08 14:37:51,871,0.0677,23.15,val
2022-03-08 14:37:52,872,0.0666,22.24,train
2022-03-08 14:37:52,872,0.0611,18.50,val
2022-03-08 14:37:54,873,0.0639,22.82,train
2022-03-08 14:37:54,873,0.0773,12.72,val
2022-03-08 14:37:55,874,0.0660,24.76,train
2022-03-08 14:37:55,874,0.0801,10.24,val
2022-03-08 14:37:57,875,0.0622,17.29,train
2022-03-08 14:37:57,875,0.1043,20.20,val
2022-03-08 14:37:58,876,0.0627,24.30,train
2022-03-08 14:37:58,876,0.1406,6.79,val
2022-03-08 14:37:59,877,0.0680,17.82,train
2022-03-08 14:37:59,877,0.1029,20.74,val
2022-03-08 14:38:01,878,0.0652,24.14,train
2022-03-08 14:38:01,878,0.0640,17.53,val
2022-03-08 14:38:02,879,0.0642,17.49,train
2022-03-08 14:38:02,879,0.0773,20.86,val
2022-03-08 14:38:04,880,0.0651,23.95,train
2022-03-08 14:38:04,880,0.1052,10.92,val
2022-03-08 14:38:05,881,0.0623,17.41,train
2022-03-08 14:38:05,881,0.0843,20.48,val
2022-03-08 14:38:06,882,0.0605,24.31,train
2022-03-08 14:38:06,882,0.0854,8.74,val
2022-03-08 14:38:08,883,0.0636,19.19,train
2022-03-08 14:38:08,883,0.0790,23.19,val
2022-03-08 14:38:09,884,0.0620,24.00,train
2022-03-08 14:38:09,884,0.1424,7.96,val
2022-03-08 14:38:11,885,0.0609,21.47,train
2022-03-08 14:38:11,885,0.0829,20.88,val
2022-03-08 14:38:12,886,0.0580,23.99,train
2022-03-08 14:38:12,886,0.0765,16.08,val
2022-03-08 14:38:13,887,0.0586,26.75,train
2022-03-08 14:38:13,887,0.1071,15.40,val
2022-03-08 14:38:15,888,0.0596,24.26,train
2022-03-08 14:38:15,888,0.0854,19.03,val
2022-03-08 14:38:16,889,0.0588,26.51,train
2022-03-08 14:38:16,889,0.0747,21.92,val
2022-03-08 14:38:17,890,0.0589,26.72,train
2022-03-08 14:38:17,890,0.1129,14.47,val
2022-03-08 14:38:19,891,0.0588,26.20,train
2022-03-08 14:38:19,891,0.1065,11.20,val
2022-03-08 14:38:20,892,0.0606,26.66,train
2022-03-08 14:38:20,892,0.0718,20.01,val
2022-03-08 14:38:22,893,0.0561,30.03,train
2022-03-08 14:38:22,893,0.0865,14.90,val
2022-03-08 14:38:23,894,0.0595,26.74,train
2022-03-08 14:38:23,894,0.1354,10.04,val
2022-03-08 14:38:24,895,0.0577,29.49,train
2022-03-08 14:38:24,895,0.1085,15.68,val
2022-03-08 14:38:26,896,0.0574,29.57,train
2022-03-08 14:38:26,896,0.1154,12.37,val
2022-03-08 14:38:27,897,0.0570,27.58,train
2022-03-08 14:38:27,897,0.0712,28.43,val
2022-03-08 14:38:29,898,0.0560,30.39,train
2022-03-08 14:38:29,898,0.0609,25.42,val
2022-03-08 14:38:30,899,0.0595,25.45,train
2022-03-08 14:38:30,899,0.0913,15.42,val
2022-03-08 14:38:32,900,0.0607,25.64,train
2022-03-08 14:38:32,900,0.0913,10.38,val
2022-03-08 14:38:33,901,0.0618,26.21,train
2022-03-08 14:38:33,901,0.1223,19.32,val
2022-03-08 14:38:35,902,0.0600,27.10,train
2022-03-08 14:38:35,902,0.0678,15.18,val
2022-03-08 14:38:36,903,0.0587,29.05,train
2022-03-08 14:38:36,903,0.0594,16.14,val
2022-03-08 14:38:37,904,0.0577,30.17,train
2022-03-08 14:38:37,904,0.1028,10.62,val
2022-03-08 14:38:39,905,0.0575,30.05,train
2022-03-08 14:38:39,905,0.0671,22.46,val
2022-03-08 14:38:40,906,0.0597,27.86,train
2022-03-08 14:38:40,906,0.0927,14.42,val
2022-03-08 14:38:42,907,0.0590,28.04,train
2022-03-08 14:38:42,907,0.1252,10.92,val
2022-03-08 14:38:43,908,0.0615,28.85,train
2022-03-08 14:38:43,908,0.0798,19.97,val
2022-03-08 14:38:44,909,0.0562,28.01,train
2022-03-08 14:38:44,909,0.0874,18.72,val
2022-03-08 14:38:46,910,0.0615,25.65,train
2022-03-08 14:38:46,910,0.0642,22.02,val
2022-03-08 14:38:47,911,0.0605,26.09,train
2022-03-08 14:38:47,911,0.0945,9.60,val
2022-03-08 14:38:48,912,0.0601,23.92,train
2022-03-08 14:38:48,912,0.1061,17.91,val
2022-03-08 14:38:50,913,0.0572,29.26,train
2022-03-08 14:38:50,913,0.0761,14.90,val
2022-03-08 14:38:51,914,0.0625,26.80,train
2022-03-08 14:38:51,914,0.0755,20.69,val
2022-03-08 14:38:53,915,0.0593,26.31,train
2022-03-08 14:38:53,915,0.0977,13.62,val
2022-03-08 14:38:54,916,0.0620,26.25,train
2022-03-08 14:38:54,916,0.1564,9.67,val
2022-03-08 14:38:55,917,0.0578,25.97,train
2022-03-08 14:38:55,917,0.0588,25.45,val
2022-03-08 14:38:57,918,0.0602,26.37,train
2022-03-08 14:38:57,918,0.1042,15.63,val
2022-03-08 14:38:58,919,0.0581,28.65,train
2022-03-08 14:38:58,919,0.0957,14.58,val
2022-03-08 14:38:59,920,0.0580,29.12,train
2022-03-08 14:38:59,920,0.1010,16.92,val
2022-03-08 14:39:01,921,0.0585,26.99,train
2022-03-08 14:39:01,921,0.0693,27.25,val
2022-03-08 14:39:02,922,0.0591,27.57,train
2022-03-08 14:39:02,922,0.0986,10.21,val
2022-03-08 14:39:04,923,0.0609,28.80,train
2022-03-08 14:39:04,923,0.1057,10.26,val
2022-03-08 14:39:05,924,0.0607,24.29,train
2022-03-08 14:39:05,924,0.1287,13.59,val
2022-03-08 14:39:06,925,0.0590,28.28,train
2022-03-08 14:39:06,925,0.0881,15.85,val
2022-03-08 14:39:08,926,0.0621,23.27,train
2022-03-08 14:39:08,926,0.1219,12.66,val
2022-03-08 14:39:09,927,0.0638,25.23,train
2022-03-08 14:39:09,927,0.1076,14.13,val
2022-03-08 14:39:10,928,0.0583,28.87,train
2022-03-08 14:39:10,928,0.1397,8.38,val
2022-03-08 14:39:12,929,0.0589,23.91,train
2022-03-08 14:39:12,929,0.0937,17.27,val
2022-03-08 14:39:13,930,0.0610,26.67,train
2022-03-08 14:39:13,930,0.0802,9.90,val
2022-03-08 14:39:15,931,0.0635,24.01,train
2022-03-08 14:39:15,931,0.0680,17.99,val
2022-03-08 14:39:16,932,0.0631,25.24,train
2022-03-08 14:39:16,932,0.1098,9.14,val
2022-03-08 14:39:17,933,0.0587,25.98,train
2022-03-08 14:39:17,933,0.1324,8.73,val
2022-03-08 14:39:19,934,0.0634,24.23,train
2022-03-08 14:39:19,934,0.0895,11.24,val
2022-03-08 14:39:20,935,0.0584,26.98,train
2022-03-08 14:39:20,935,0.0762,11.21,val
2022-03-08 14:39:22,936,0.0596,27.84,train
2022-03-08 14:39:22,936,0.0680,19.86,val
2022-03-08 14:39:23,937,0.0597,27.67,train
2022-03-08 14:39:23,937,0.0956,13.33,val
2022-03-08 14:39:25,938,0.0597,29.40,train
2022-03-08 14:39:25,938,0.1098,13.09,val
2022-03-08 14:39:26,939,0.0583,29.14,train
2022-03-08 14:39:26,939,0.1023,15.94,val
2022-03-08 14:39:28,940,0.0611,26.71,train
2022-03-08 14:39:28,940,0.0720,21.25,val
2022-03-08 14:39:29,941,0.0564,29.81,train
2022-03-08 14:39:29,941,0.0718,17.36,val
2022-03-08 14:39:30,942,0.0590,28.40,train
2022-03-08 14:39:30,942,0.1149,9.46,val
2022-03-08 14:39:32,943,0.0589,26.33,train
2022-03-08 14:39:32,943,0.1262,9.94,val
2022-03-08 14:39:33,944,0.0590,28.48,train
2022-03-08 14:39:33,944,0.0664,19.73,val
2022-03-08 14:39:34,945,0.0578,25.37,train
2022-03-08 14:39:34,945,0.0753,23.70,val
2022-03-08 14:39:36,946,0.0593,26.90,train
2022-03-08 14:39:36,946,0.0632,19.84,val
2022-03-08 14:39:37,947,0.0665,26.05,train
2022-03-08 14:39:37,947,0.1041,13.40,val
2022-03-08 14:39:39,948,0.0572,26.70,train
2022-03-08 14:39:39,948,0.0859,19.99,val
2022-03-08 14:39:40,949,0.0580,27.17,train
2022-03-08 14:39:40,949,0.0837,19.32,val
2022-03-08 14:39:41,950,0.0645,26.46,train
2022-03-08 14:39:41,950,0.1167,9.56,val
2022-03-08 14:39:43,951,0.0596,27.04,train
2022-03-08 14:39:43,951,0.0784,18.62,val
2022-03-08 14:39:44,952,0.0589,27.70,train
2022-03-08 14:39:44,952,0.0812,15.71,val
2022-03-08 14:39:45,953,0.0594,29.10,train
2022-03-08 14:39:45,953,0.0804,7.99,val
2022-03-08 14:39:47,954,0.0616,25.88,train
2022-03-08 14:39:47,954,0.0985,12.12,val
2022-03-08 14:39:48,955,0.0582,27.13,train
2022-03-08 14:39:48,955,0.0901,16.96,val
2022-03-08 14:39:49,956,0.0604,24.93,train
2022-03-08 14:39:49,956,0.0659,24.24,val
2022-03-08 14:39:51,957,0.0594,27.76,train
2022-03-08 14:39:51,957,0.1032,16.70,val
2022-03-08 14:39:52,958,0.0610,27.46,train
2022-03-08 14:39:52,958,0.0885,11.82,val
2022-03-08 14:39:54,959,0.0583,25.79,train
2022-03-08 14:39:54,959,0.0925,8.44,val
2022-03-08 14:39:55,960,0.0585,27.77,train
2022-03-08 14:39:55,960,0.1019,17.57,val
2022-03-08 14:39:56,961,0.0593,29.86,train
2022-03-08 14:39:56,961,0.0690,21.64,val
2022-03-08 14:39:58,962,0.0621,27.46,train
2022-03-08 14:39:58,962,0.1185,10.64,val
2022-03-08 14:39:59,963,0.0585,27.47,train
2022-03-08 14:39:59,963,0.0897,13.76,val
2022-03-08 14:40:01,964,0.0612,29.55,train
2022-03-08 14:40:01,964,0.0631,21.50,val
2022-03-08 14:40:02,965,0.0633,26.27,train
2022-03-08 14:40:02,965,0.1097,12.85,val
2022-03-08 14:40:04,966,0.0602,26.19,train
2022-03-08 14:40:04,966,0.1066,16.50,val
2022-03-08 14:40:05,967,0.0583,29.28,train
2022-03-08 14:40:05,967,0.1124,15.03,val
2022-03-08 14:40:07,968,0.0582,27.17,train
2022-03-08 14:40:07,968,0.0768,17.43,val
2022-03-08 14:40:08,969,0.0613,28.34,train
2022-03-08 14:40:08,969,0.0700,19.47,val
2022-03-08 14:40:09,970,0.0605,29.47,train
2022-03-08 14:40:09,970,0.1264,7.97,val
2022-03-08 14:40:11,971,0.0606,24.82,train
2022-03-08 14:40:11,971,0.1040,13.22,val
2022-03-08 14:40:12,972,0.0608,25.41,train
2022-03-08 14:40:12,972,0.1048,13.53,val
2022-03-08 14:40:14,973,0.0597,26.68,train
2022-03-08 14:40:14,973,0.1006,10.72,val
2022-03-08 14:40:15,974,0.0622,26.70,train
2022-03-08 14:40:15,974,0.1206,13.02,val
2022-03-08 14:40:16,975,0.0609,26.94,train
2022-03-08 14:40:16,975,0.0821,12.84,val
2022-03-08 14:40:18,976,0.0603,28.45,train
2022-03-08 14:40:18,976,0.0990,10.18,val
2022-03-08 14:40:19,977,0.0560,28.47,train
2022-03-08 14:40:19,977,0.1176,11.38,val
2022-03-08 14:40:20,978,0.0551,30.05,train
2022-03-08 14:40:20,978,0.0901,12.31,val
2022-03-08 14:40:22,979,0.0624,26.18,train
2022-03-08 14:40:22,979,0.0747,15.43,val
2022-03-08 14:40:23,980,0.0598,26.56,train
2022-03-08 14:40:23,980,0.0919,11.97,val
2022-03-08 14:40:24,981,0.0602,26.10,train
2022-03-08 14:40:24,981,0.0738,12.98,val
2022-03-08 14:40:26,982,0.0568,28.07,train
2022-03-08 14:40:26,982,0.0859,18.06,val
2022-03-08 14:40:27,983,0.0615,29.22,train
2022-03-08 14:40:27,983,0.1383,8.93,val
2022-03-08 14:40:28,984,0.0624,23.14,train
2022-03-08 14:40:28,984,0.0838,25.20,val
2022-03-08 14:40:30,985,0.0599,26.09,train
2022-03-08 14:40:30,985,0.0748,13.61,val
2022-03-08 14:40:31,986,0.0616,26.08,train
2022-03-08 14:40:31,986,0.0791,18.09,val
2022-03-08 14:40:33,987,0.0655,26.99,train
2022-03-08 14:40:33,987,0.0921,11.47,val
2022-03-08 14:40:34,988,0.0580,29.45,train
2022-03-08 14:40:34,988,0.0647,17.19,val
2022-03-08 14:40:35,989,0.0586,29.09,train
2022-03-08 14:40:35,989,0.0766,10.77,val
2022-03-08 14:40:37,990,0.0579,29.65,train
2022-03-08 14:40:37,990,0.1173,10.80,val
2022-03-08 14:40:38,991,0.0609,25.87,train
2022-03-08 14:40:38,991,0.0735,21.67,val
2022-03-08 14:40:39,992,0.0599,26.68,train
2022-03-08 14:40:39,992,0.0933,9.87,val
2022-03-08 14:40:41,993,0.0621,26.24,train
2022-03-08 14:40:41,993,0.1306,15.01,val
2022-03-08 14:40:42,994,0.0614,24.84,train
2022-03-08 14:40:42,994,0.1064,12.22,val
2022-03-08 14:40:44,995,0.0598,26.95,train
2022-03-08 14:40:44,995,0.1213,13.25,val
2022-03-08 14:40:45,996,0.0556,30.37,train
2022-03-08 14:40:45,996,0.0784,22.42,val
2022-03-08 14:40:46,997,0.0580,29.15,train
2022-03-08 14:40:46,997,0.1265,15.04,val
2022-03-08 14:40:48,998,0.0596,28.52,train
2022-03-08 14:40:48,998,0.0744,12.85,val
2022-03-08 14:40:49,999,0.0568,28.58,train
2022-03-08 14:40:49,999,0.0899,14.48,val
