2022-03-10 16:48:17,0,3.5052,35.12,train
2022-03-10 16:48:17,0,0.0965,42.08,val
2022-03-10 16:48:31,1,0.0913,37.53,train
2022-03-10 16:48:31,1,0.0847,37.08,val
2022-03-10 16:48:40,2,0.0900,38.79,train
2022-03-10 16:48:40,2,0.0703,45.65,val
2022-03-10 16:48:55,3,0.0880,38.11,train
2022-03-10 16:48:55,3,0.0851,36.19,val
2022-03-10 16:49:04,4,0.0917,37.59,train
2022-03-10 16:49:04,4,0.0829,41.10,val
2022-03-10 16:49:13,5,0.0897,38.69,train
2022-03-10 16:49:13,5,0.0999,37.53,val
2022-03-10 16:49:22,6,0.0877,38.87,train
2022-03-10 16:49:22,6,0.0740,42.80,val
2022-03-10 16:49:31,7,0.0898,38.84,train
2022-03-10 16:49:31,7,0.0989,27.35,val
2022-03-10 16:49:40,8,0.0895,38.35,train
2022-03-10 16:49:40,8,0.0659,51.73,val
2022-03-10 16:49:52,9,0.0886,39.76,train
2022-03-10 16:49:52,9,0.0771,43.24,val
2022-03-10 16:50:02,10,0.0889,38.91,train
2022-03-10 16:50:02,10,0.0741,44.85,val
2022-03-10 16:50:11,11,0.0928,37.54,train
2022-03-10 16:50:11,11,0.0677,47.80,val
2022-03-10 16:50:19,12,0.0895,37.92,train
2022-03-10 16:50:19,12,0.0727,41.55,val
2022-03-10 16:50:28,13,0.0895,38.22,train
2022-03-10 16:50:28,13,0.0769,45.30,val
2022-03-10 16:50:36,14,0.0905,39.00,train
2022-03-10 16:50:36,14,0.1107,32.62,val
2022-03-10 16:50:45,15,0.0896,37.53,train
2022-03-10 16:50:45,15,0.0738,41.46,val
2022-03-10 16:50:54,16,0.0924,37.63,train
2022-03-10 16:50:54,16,0.0808,38.87,val
2022-03-10 16:51:03,17,0.0899,38.96,train
2022-03-10 16:51:03,17,0.1352,33.78,val
2022-03-10 16:51:12,18,0.0930,38.38,train
2022-03-10 16:51:12,18,0.0969,39.23,val
2022-03-10 16:51:21,19,0.0894,38.75,train
2022-03-10 16:51:21,19,0.0889,39.49,val
2022-03-10 16:51:31,20,0.0885,38.08,train
2022-03-10 16:51:31,20,0.0913,28.24,val
2022-03-10 16:51:40,21,0.0881,38.43,train
2022-03-10 16:51:40,21,0.1023,37.08,val
2022-03-10 16:51:49,22,0.0890,38.22,train
2022-03-10 16:51:49,22,0.1028,36.64,val
2022-03-10 16:51:57,23,0.0898,38.68,train
2022-03-10 16:51:57,23,0.0703,41.55,val
2022-03-10 16:52:06,24,0.0887,39.25,train
2022-03-10 16:52:06,24,0.0843,37.53,val
2022-03-10 16:52:14,25,0.0907,38.45,train
2022-03-10 16:52:14,25,0.0878,36.19,val
2022-03-10 16:52:22,26,0.0910,37.64,train
2022-03-10 16:52:22,26,0.0682,48.15,val
2022-03-10 16:52:32,27,0.0864,39.90,train
2022-03-10 16:52:32,27,0.1015,31.73,val
2022-03-10 16:52:40,28,0.0876,38.79,train
2022-03-10 16:52:40,28,0.0939,36.73,val
2022-03-10 16:52:49,29,0.0878,39.07,train
2022-03-10 16:52:49,29,0.0713,46.10,val
2022-03-10 16:52:57,30,0.0889,39.64,train
2022-03-10 16:52:57,30,0.0864,34.32,val
2022-03-10 16:53:06,31,0.0896,39.61,train
2022-03-10 16:53:06,31,0.1192,31.28,val
2022-03-10 16:53:15,32,0.0875,38.87,train
2022-03-10 16:53:15,32,0.0877,33.78,val
2022-03-10 16:53:23,33,0.0880,39.37,train
2022-03-10 16:53:23,33,0.1082,33.24,val
2022-03-10 16:53:31,34,0.0909,38.27,train
2022-03-10 16:53:31,34,0.0799,36.19,val
2022-03-10 16:53:40,35,0.0882,39.41,train
2022-03-10 16:53:40,35,0.0814,39.85,val
2022-03-10 16:53:49,36,0.0879,39.73,train
2022-03-10 16:53:49,36,0.1008,36.90,val
2022-03-10 16:53:58,37,0.0867,39.95,train
2022-03-10 16:53:58,37,0.1005,37.89,val
2022-03-10 16:54:06,38,0.0881,39.11,train
2022-03-10 16:54:06,38,0.1268,31.82,val
2022-03-10 16:54:14,39,0.0897,38.33,train
2022-03-10 16:54:14,39,0.0691,47.26,val
2022-03-10 16:54:23,40,0.0881,38.73,train
2022-03-10 16:54:23,40,0.0748,45.12,val
2022-03-10 16:54:33,41,0.0876,38.96,train
2022-03-10 16:54:33,41,0.0876,34.58,val
2022-03-10 16:54:43,42,0.0873,39.66,train
2022-03-10 16:54:43,42,0.0989,27.35,val
2022-03-10 16:54:52,43,0.0859,40.25,train
2022-03-10 16:54:52,43,0.0837,38.69,val
2022-03-10 16:55:00,44,0.0885,38.36,train
2022-03-10 16:55:00,44,0.0797,38.60,val
2022-03-10 16:55:09,45,0.0879,38.86,train
2022-03-10 16:55:09,45,0.0818,33.33,val
2022-03-10 16:55:18,46,0.0904,38.59,train
2022-03-10 16:55:18,46,0.0835,40.65,val
2022-03-10 16:55:28,47,0.0888,38.67,train
2022-03-10 16:55:28,47,0.0940,32.35,val
2022-03-10 16:55:37,48,0.0883,39.16,train
2022-03-10 16:55:37,48,0.0735,41.19,val
2022-03-10 16:55:45,49,0.0898,39.40,train
2022-03-10 16:55:45,49,0.0820,40.30,val
2022-03-10 16:55:54,50,0.0900,38.47,train
2022-03-10 16:55:54,50,0.0990,29.58,val
2022-03-10 16:56:03,51,0.0909,38.42,train
2022-03-10 16:56:03,51,0.0668,49.40,val
2022-03-10 16:56:12,52,0.0911,37.96,train
2022-03-10 16:56:12,52,0.1168,34.23,val
2022-03-10 16:56:21,53,0.0886,39.13,train
2022-03-10 16:56:21,53,0.1586,27.26,val
2022-03-10 16:56:29,54,0.0882,38.68,train
2022-03-10 16:56:29,54,0.1088,28.96,val
2022-03-10 16:56:38,55,0.0882,39.10,train
2022-03-10 16:56:38,55,0.0896,31.01,val
2022-03-10 16:56:47,56,0.0900,38.45,train
2022-03-10 16:56:47,56,0.0814,39.85,val
2022-03-10 16:56:56,57,0.0895,38.60,train
2022-03-10 16:56:56,57,0.0883,31.28,val
2022-03-10 16:57:05,58,0.0882,39.54,train
2022-03-10 16:57:05,58,0.1048,36.64,val
2022-03-10 16:57:14,59,0.0886,38.00,train
2022-03-10 16:57:14,59,0.1158,34.85,val
2022-03-10 16:57:22,60,0.0880,38.88,train
2022-03-10 16:57:22,60,0.0847,37.89,val
2022-03-10 16:57:32,61,0.0927,37.58,train
2022-03-10 16:57:32,61,0.0696,46.46,val
2022-03-10 16:57:41,62,0.0876,39.49,train
2022-03-10 16:57:41,62,0.0699,43.07,val
2022-03-10 16:57:49,63,0.0884,39.26,train
2022-03-10 16:57:49,63,0.0926,33.51,val
2022-03-10 16:57:58,64,0.0887,38.47,train
2022-03-10 16:57:58,64,0.1114,32.98,val
2022-03-10 16:58:06,65,0.0903,37.53,train
2022-03-10 16:58:06,65,0.0860,34.94,val
2022-03-10 16:58:15,66,0.0884,38.33,train
2022-03-10 16:58:15,66,0.0683,48.51,val
2022-03-10 16:58:24,67,0.0889,38.65,train
2022-03-10 16:58:24,67,0.0887,35.74,val
2022-03-10 16:58:33,68,0.0875,39.56,train
2022-03-10 16:58:33,68,0.1089,33.60,val
2022-03-10 16:58:42,69,0.0874,38.96,train
2022-03-10 16:58:42,69,0.0878,33.42,val
2022-03-10 16:58:50,70,0.0904,37.34,train
2022-03-10 16:58:50,70,0.0938,32.98,val
2022-03-10 16:58:59,71,0.0875,39.75,train
2022-03-10 16:58:59,71,0.0940,31.10,val
2022-03-10 16:59:09,72,0.0921,38.30,train
2022-03-10 16:59:09,72,0.1043,36.90,val
2022-03-10 16:59:18,73,0.0876,39.11,train
2022-03-10 16:59:18,73,0.0711,40.57,val
2022-03-10 16:59:27,74,0.0913,37.10,train
2022-03-10 16:59:27,74,0.1003,34.32,val
2022-03-10 16:59:36,75,0.0867,39.63,train
2022-03-10 16:59:36,75,0.0787,40.74,val
2022-03-10 16:59:46,76,0.0890,38.76,train
2022-03-10 16:59:46,76,0.0944,34.23,val
2022-03-10 16:59:56,77,0.0872,39.42,train
2022-03-10 16:59:56,77,0.0905,35.83,val
2022-03-10 17:00:05,78,0.0917,38.18,train
2022-03-10 17:00:05,78,0.0905,32.26,val
2022-03-10 17:00:15,79,0.0887,38.55,train
2022-03-10 17:00:15,79,0.0810,42.08,val
2022-03-10 17:00:25,80,0.0897,37.89,train
2022-03-10 17:00:25,80,0.0809,43.42,val
2022-03-10 17:00:35,81,0.0911,38.58,train
2022-03-10 17:00:35,81,0.0860,40.39,val
2022-03-10 17:00:45,82,0.0907,38.30,train
2022-03-10 17:00:45,82,0.0721,46.37,val
2022-03-10 17:00:55,83,0.0912,37.78,train
2022-03-10 17:00:55,83,0.0770,43.60,val
2022-03-10 17:01:05,84,0.0903,37.82,train
2022-03-10 17:01:05,84,0.0804,38.96,val
2022-03-10 17:01:15,85,0.0887,39.15,train
2022-03-10 17:01:15,85,0.1069,34.49,val
2022-03-10 17:01:25,86,0.0892,39.00,train
2022-03-10 17:01:25,86,0.0722,43.60,val
2022-03-10 17:01:34,87,0.0910,37.91,train
2022-03-10 17:01:34,87,0.0662,50.92,val
2022-03-10 17:01:44,88,0.0894,39.57,train
2022-03-10 17:01:44,88,0.0999,37.53,val
2022-03-10 17:01:54,89,0.0913,37.70,train
2022-03-10 17:01:54,89,0.0677,47.80,val
2022-03-10 17:02:05,90,0.0897,39.07,train
2022-03-10 17:02:05,90,0.0659,51.73,val
2022-03-10 17:02:15,91,0.0916,37.77,train
2022-03-10 17:02:15,91,0.0868,39.67,val
2022-03-10 17:02:25,92,0.0886,38.31,train
2022-03-10 17:02:25,92,0.0984,38.07,val
2022-03-10 17:02:34,93,0.0889,38.82,train
2022-03-10 17:02:34,93,0.0791,39.23,val
2022-03-10 17:02:43,94,0.0862,40.59,train
2022-03-10 17:02:43,94,0.0686,46.64,val
2022-03-10 17:02:51,95,0.0904,38.15,train
2022-03-10 17:02:51,95,0.0711,40.57,val
2022-03-10 17:03:00,96,0.0915,38.28,train
2022-03-10 17:03:00,96,0.0753,44.76,val
2022-03-10 17:03:10,97,0.0905,37.92,train
2022-03-10 17:03:10,97,0.0940,32.35,val
2022-03-10 17:03:19,98,0.0904,39.40,train
2022-03-10 17:03:19,98,0.0950,35.48,val
2022-03-10 17:03:28,99,0.0896,38.63,train
2022-03-10 17:03:28,99,0.0721,46.37,val
2022-03-10 17:03:38,100,0.0895,38.48,train
2022-03-10 17:03:38,100,0.0999,37.53,val
2022-03-10 17:03:47,101,0.0908,39.00,train
2022-03-10 17:03:47,101,0.0785,39.49,val
2022-03-10 17:03:56,102,0.0883,39.63,train
2022-03-10 17:03:56,102,0.0687,48.51,val
2022-03-10 17:04:05,103,0.0915,38.31,train
2022-03-10 17:04:05,103,0.0800,44.40,val
2022-03-10 17:04:14,104,0.0888,38.71,train
2022-03-10 17:04:14,104,0.0850,40.83,val
2022-03-10 17:04:23,105,0.0904,38.26,train
2022-03-10 17:04:23,105,0.0814,41.64,val
2022-03-10 17:04:32,106,0.0862,40.55,train
2022-03-10 17:04:32,106,0.0880,28.24,val
2022-03-10 17:04:41,107,0.0900,38.69,train
2022-03-10 17:04:41,107,0.1398,26.90,val
2022-03-10 17:04:51,108,0.0921,38.38,train
2022-03-10 17:04:51,108,0.0819,35.92,val
2022-03-10 17:05:00,109,0.0871,40.31,train
2022-03-10 17:05:00,109,0.0799,41.64,val
2022-03-10 17:05:10,110,0.0925,37.63,train
2022-03-10 17:05:10,110,0.0667,51.37,val
2022-03-10 17:05:20,111,0.0896,37.90,train
2022-03-10 17:05:20,111,0.0846,44.67,val
2022-03-10 17:05:29,112,0.0889,38.81,train
2022-03-10 17:05:29,112,0.0926,27.53,val
2022-03-10 17:05:38,113,0.0920,37.88,train
2022-03-10 17:05:38,113,0.1142,31.46,val
2022-03-10 17:05:48,114,0.0885,39.18,train
2022-03-10 17:05:48,114,0.0706,44.49,val
2022-03-10 17:05:59,115,0.0948,36.82,train
2022-03-10 17:05:59,115,0.1352,29.76,val
2022-03-10 17:06:08,116,0.0896,38.35,train
2022-03-10 17:06:08,116,0.0837,42.71,val
2022-03-10 17:06:17,117,0.0882,38.18,train
2022-03-10 17:06:17,117,0.0803,41.46,val
2022-03-10 17:06:26,118,0.0921,37.57,train
2022-03-10 17:06:26,118,0.0923,34.94,val
2022-03-10 17:06:36,119,0.0909,37.52,train
2022-03-10 17:06:36,119,0.0844,38.96,val
2022-03-10 17:06:46,120,0.0917,38.22,train
2022-03-10 17:06:46,120,0.0797,37.17,val
2022-03-10 17:06:55,121,0.0892,38.09,train
2022-03-10 17:06:55,121,0.0874,34.23,val
2022-03-10 17:07:04,122,0.0889,39.17,train
2022-03-10 17:07:04,122,0.0847,33.51,val
2022-03-10 17:07:14,123,0.0921,38.65,train
2022-03-10 17:07:14,123,0.0826,36.28,val
2022-03-10 17:07:24,124,0.0903,38.08,train
2022-03-10 17:07:24,124,0.1037,31.99,val
2022-03-10 17:07:34,125,0.0897,39.04,train
2022-03-10 17:07:34,125,0.0856,38.60,val
2022-03-10 17:07:43,126,0.0908,38.33,train
2022-03-10 17:07:43,126,0.0852,36.28,val
2022-03-10 17:07:52,127,0.0912,37.70,train
2022-03-10 17:07:52,127,0.0842,36.82,val
2022-03-10 17:08:02,128,0.0876,38.72,train
2022-03-10 17:08:02,128,0.1192,31.28,val
2022-03-10 17:08:12,129,0.0911,37.98,train
2022-03-10 17:08:12,129,0.1112,28.78,val
2022-03-10 17:08:22,130,0.0883,39.58,train
2022-03-10 17:08:22,130,0.0832,43.07,val
2022-03-10 17:08:31,131,0.0895,38.16,train
2022-03-10 17:08:31,131,0.0712,43.96,val
2022-03-10 17:08:40,132,0.0881,38.57,train
2022-03-10 17:08:40,132,0.0713,45.57,val
2022-03-10 17:08:49,133,0.0917,37.90,train
2022-03-10 17:08:49,133,0.0847,37.89,val
2022-03-10 17:08:59,134,0.0884,39.04,train
2022-03-10 17:08:59,134,0.0809,39.40,val
2022-03-10 17:09:08,135,0.0887,38.76,train
2022-03-10 17:09:08,135,0.0848,36.99,val
2022-03-10 17:09:17,136,0.0867,39.97,train
2022-03-10 17:09:17,136,0.0754,45.83,val
2022-03-10 17:09:27,137,0.0876,38.74,train
2022-03-10 17:09:27,137,0.0694,42.89,val
2022-03-10 17:09:37,138,0.0903,38.08,train
2022-03-10 17:09:37,138,0.0707,44.14,val
2022-03-10 17:09:48,139,0.0876,38.86,train
2022-03-10 17:09:48,139,0.0836,37.62,val
2022-03-10 17:09:57,140,0.0891,38.50,train
2022-03-10 17:09:57,140,0.1132,33.07,val
2022-03-10 17:10:06,141,0.0905,38.92,train
2022-03-10 17:10:06,141,0.0743,42.80,val
2022-03-10 17:10:15,142,0.0872,39.01,train
2022-03-10 17:10:15,142,0.0926,28.60,val
2022-03-10 17:10:24,143,0.0868,39.12,train
2022-03-10 17:10:24,143,0.0717,45.21,val
2022-03-10 17:10:33,144,0.0913,37.80,train
2022-03-10 17:10:33,144,0.0884,30.21,val
2022-03-10 17:10:43,145,0.0913,38.57,train
2022-03-10 17:10:43,145,0.0745,43.15,val
2022-03-10 17:10:52,146,0.0880,38.74,train
2022-03-10 17:10:52,146,0.1356,27.44,val
2022-03-10 17:11:01,147,0.0880,38.95,train
2022-03-10 17:11:01,147,0.1246,32.26,val
2022-03-10 17:11:11,148,0.0891,38.98,train
2022-03-10 17:11:11,148,0.0744,42.44,val
2022-03-10 17:11:20,149,0.0887,38.56,train
2022-03-10 17:11:20,149,0.0805,44.32,val
2022-03-10 17:11:29,150,0.0865,39.75,train
2022-03-10 17:11:29,150,0.0826,41.55,val
2022-03-10 17:11:38,151,0.0891,38.02,train
2022-03-10 17:11:38,151,0.1091,32.62,val
2022-03-10 17:11:47,152,0.0885,38.84,train
2022-03-10 17:11:47,152,0.0856,38.60,val
2022-03-10 17:11:57,153,0.0941,38.11,train
2022-03-10 17:11:57,153,0.0867,33.60,val
2022-03-10 17:12:06,154,0.0901,38.39,train
2022-03-10 17:12:06,154,0.0944,33.07,val
2022-03-10 17:12:15,155,0.0874,39.23,train
2022-03-10 17:12:15,155,0.0789,42.44,val
2022-03-10 17:12:24,156,0.0919,38.08,train
2022-03-10 17:12:24,156,0.0861,36.73,val
2022-03-10 17:12:33,157,0.0926,38.24,train
2022-03-10 17:12:33,157,0.0833,39.05,val
2022-03-10 17:12:43,158,0.0920,37.72,train
2022-03-10 17:12:43,158,0.0737,49.76,val
2022-03-10 17:12:52,159,0.0905,38.54,train
2022-03-10 17:12:52,159,0.1103,29.40,val
2022-03-10 17:13:01,160,0.0907,37.41,train
2022-03-10 17:13:01,160,0.0766,39.94,val
2022-03-10 17:13:10,161,0.0894,38.01,train
2022-03-10 17:13:10,161,0.0940,27.71,val
2022-03-10 17:13:20,162,0.0929,37.10,train
2022-03-10 17:13:20,162,0.0813,32.98,val
2022-03-10 17:13:30,163,0.0911,38.42,train
2022-03-10 17:13:30,163,0.0965,28.07,val
2022-03-10 17:13:39,164,0.0877,38.90,train
2022-03-10 17:13:39,164,0.0730,41.90,val
2022-03-10 17:13:48,165,0.0871,39.48,train
2022-03-10 17:13:48,165,0.0836,37.62,val
2022-03-10 17:13:58,166,0.0977,37.11,train
2022-03-10 17:13:58,166,0.0905,32.26,val
2022-03-10 17:14:07,167,0.0875,39.64,train
2022-03-10 17:14:07,167,0.0944,33.07,val
2022-03-10 17:14:17,168,0.0898,39.13,train
2022-03-10 17:14:17,168,0.0813,31.37,val
2022-03-10 17:14:26,169,0.0879,39.55,train
2022-03-10 17:14:26,169,0.0967,41.99,val
2022-03-10 17:14:35,170,0.0884,38.12,train
2022-03-10 17:14:35,170,0.0737,38.15,val
2022-03-10 17:14:44,171,0.0866,39.97,train
2022-03-10 17:14:44,171,0.0845,40.92,val
2022-03-10 17:14:53,172,0.0886,38.56,train
2022-03-10 17:14:53,172,0.1132,30.48,val
2022-03-10 17:15:03,173,0.0899,38.49,train
2022-03-10 17:15:03,173,0.1028,36.64,val
2022-03-10 17:15:12,174,0.0874,38.74,train
2022-03-10 17:15:12,174,0.0932,35.48,val
2022-03-10 17:15:21,175,0.0891,38.85,train
2022-03-10 17:15:21,175,0.0723,39.58,val
2022-03-10 17:15:30,176,0.0901,39.68,train
2022-03-10 17:15:30,176,0.0769,45.30,val
2022-03-10 17:15:39,177,0.0878,38.36,train
2022-03-10 17:15:39,177,0.0948,36.82,val
2022-03-10 17:15:49,178,0.0935,37.79,train
2022-03-10 17:15:49,178,0.0690,50.21,val
2022-03-10 17:15:58,179,0.0865,39.76,train
2022-03-10 17:15:58,179,0.1317,29.32,val
2022-03-10 17:16:07,180,0.0910,38.41,train
2022-03-10 17:16:07,180,0.0876,34.58,val
2022-03-10 17:16:16,181,0.0868,38.33,train
2022-03-10 17:16:16,181,0.0862,39.94,val
2022-03-10 17:16:25,182,0.0901,37.91,train
2022-03-10 17:16:25,182,0.0774,38.33,val
2022-03-10 17:16:35,183,0.0884,38.47,train
2022-03-10 17:16:35,183,0.0741,40.74,val
2022-03-10 17:16:44,184,0.0897,38.95,train
2022-03-10 17:16:44,184,0.0804,38.96,val
2022-03-10 17:16:53,185,0.0915,37.81,train
2022-03-10 17:16:53,185,0.0938,32.98,val
2022-03-10 17:17:03,186,0.0889,38.36,train
2022-03-10 17:17:03,186,0.0960,29.32,val
2022-03-10 17:17:13,187,0.0891,38.45,train
2022-03-10 17:17:13,187,0.0857,36.64,val
2022-03-10 17:17:22,188,0.0884,39.12,train
2022-03-10 17:17:22,188,0.0776,46.46,val
2022-03-10 17:17:31,189,0.0907,37.77,train
2022-03-10 17:17:31,189,0.0819,36.01,val
2022-03-10 17:17:39,190,0.0931,37.57,train
2022-03-10 17:17:39,190,0.0766,39.94,val
2022-03-10 17:17:49,191,0.0911,38.20,train
2022-03-10 17:17:49,191,0.0796,36.46,val
2022-03-10 17:17:59,192,0.0897,38.00,train
2022-03-10 17:17:59,192,0.1356,28.33,val
2022-03-10 17:18:08,193,0.0878,39.74,train
2022-03-10 17:18:08,193,0.0843,37.17,val
2022-03-10 17:18:17,194,0.0895,38.27,train
2022-03-10 17:18:17,194,0.0974,41.19,val
2022-03-10 17:18:26,195,0.0904,37.94,train
2022-03-10 17:18:26,195,0.1013,33.42,val
2022-03-10 17:18:37,196,0.0882,38.67,train
2022-03-10 17:18:37,196,0.0910,30.21,val
2022-03-10 17:18:47,197,0.0902,37.98,train
2022-03-10 17:18:47,197,0.0890,43.24,val
2022-03-10 17:18:56,198,0.0889,38.24,train
2022-03-10 17:18:56,198,0.1347,31.82,val
2022-03-10 17:19:05,199,0.0931,37.77,train
2022-03-10 17:19:05,199,0.0826,33.96,val
2022-03-10 17:19:15,200,0.0895,38.17,train
2022-03-10 17:19:15,200,0.0843,40.03,val
2022-03-10 17:19:25,201,0.0894,38.70,train
2022-03-10 17:19:25,201,0.0773,43.15,val
2022-03-10 17:19:34,202,0.0872,39.48,train
2022-03-10 17:19:34,202,0.1119,34.94,val
2022-03-10 17:19:44,203,0.0932,37.08,train
2022-03-10 17:19:44,203,0.0852,36.37,val
2022-03-10 17:19:54,204,0.0895,38.72,train
2022-03-10 17:19:54,204,0.1141,28.24,val
2022-03-10 17:20:03,205,0.0893,38.71,train
2022-03-10 17:20:03,205,0.0769,39.85,val
2022-03-10 17:20:13,206,0.0907,37.77,train
2022-03-10 17:20:13,206,0.0717,45.21,val
2022-03-10 17:20:23,207,0.0931,37.89,train
2022-03-10 17:20:23,207,0.0884,30.21,val
2022-03-10 17:20:32,208,0.0877,39.08,train
2022-03-10 17:20:32,208,0.1114,32.98,val
2022-03-10 17:20:41,209,0.0876,39.35,train
2022-03-10 17:20:41,209,0.0877,38.33,val
2022-03-10 17:20:50,210,0.0887,39.18,train
2022-03-10 17:20:50,210,0.1000,28.60,val
2022-03-10 17:20:59,211,0.0888,38.24,train
2022-03-10 17:20:59,211,0.0861,36.73,val
2022-03-10 17:21:09,212,0.0898,38.54,train
2022-03-10 17:21:09,212,0.0960,29.32,val
2022-03-10 17:21:17,213,0.0864,40.47,train
2022-03-10 17:21:17,213,0.1028,32.62,val
2022-03-10 17:21:27,214,0.0880,38.52,train
2022-03-10 17:21:27,214,0.1002,27.71,val
2022-03-10 17:21:36,215,0.0894,38.66,train
2022-03-10 17:21:36,215,0.0766,39.94,val
2022-03-10 17:21:47,216,0.0934,37.46,train
2022-03-10 17:21:47,216,0.0865,32.17,val
2022-03-10 17:21:56,217,0.0929,37.99,train
2022-03-10 17:21:56,217,0.1306,27.62,val
2022-03-10 17:22:05,218,0.0871,39.92,train
2022-03-10 17:22:05,218,0.0731,41.19,val
2022-03-10 17:22:14,219,0.0893,38.65,train
2022-03-10 17:22:14,219,0.0685,50.57,val
2022-03-10 17:22:23,220,0.0891,39.23,train
2022-03-10 17:22:23,220,0.0943,32.71,val
2022-03-10 17:22:33,221,0.0894,38.74,train
2022-03-10 17:22:33,221,0.0827,41.10,val
2022-03-10 17:22:42,222,0.0878,38.80,train
2022-03-10 17:22:42,222,0.0750,43.07,val
2022-03-10 17:22:51,223,0.0897,38.32,train
2022-03-10 17:22:51,223,0.0965,36.01,val
2022-03-10 17:23:00,224,0.0895,38.79,train
2022-03-10 17:23:00,224,0.0938,31.64,val
2022-03-10 17:23:10,225,0.0917,38.64,train
2022-03-10 17:23:10,225,0.0778,39.23,val
2022-03-10 17:23:19,226,0.0891,38.45,train
2022-03-10 17:23:19,226,0.0731,45.92,val
2022-03-10 17:23:28,227,0.0878,38.84,train
2022-03-10 17:23:28,227,0.0898,35.57,val
2022-03-10 17:23:38,228,0.0917,37.87,train
2022-03-10 17:23:38,228,0.0744,42.44,val
2022-03-10 17:23:47,229,0.0894,38.65,train
2022-03-10 17:23:47,229,0.0952,35.83,val
2022-03-10 17:23:56,230,0.0864,39.53,train
2022-03-10 17:23:56,230,0.0808,38.51,val
2022-03-10 17:24:05,231,0.0871,39.69,train
2022-03-10 17:24:05,231,0.0688,48.15,val
2022-03-10 17:24:14,232,0.0891,37.41,train
2022-03-10 17:24:14,232,0.0834,37.98,val
2022-03-10 17:24:24,233,0.0883,39.35,train
2022-03-10 17:24:24,233,0.0765,39.94,val
2022-03-10 17:24:33,234,0.0886,38.71,train
2022-03-10 17:24:33,234,0.1071,36.19,val
2022-03-10 17:24:44,235,0.0883,38.41,train
2022-03-10 17:24:44,235,0.0729,41.19,val
2022-03-10 17:24:53,236,0.0905,37.77,train
2022-03-10 17:24:53,236,0.0781,44.40,val
2022-03-10 17:25:02,237,0.0882,38.58,train
2022-03-10 17:25:02,237,0.1000,37.44,val
2022-03-10 17:25:12,238,0.0865,39.75,train
2022-03-10 17:25:12,238,0.0802,37.08,val
2022-03-10 17:25:22,239,0.0913,38.18,train
2022-03-10 17:25:22,239,0.0838,36.99,val
2022-03-10 17:25:31,240,0.0893,38.99,train
2022-03-10 17:25:31,240,0.1182,30.30,val
2022-03-10 17:25:40,241,0.0868,39.16,train
2022-03-10 17:25:40,241,0.0806,36.73,val
2022-03-10 17:25:50,242,0.0879,38.96,train
2022-03-10 17:25:50,242,0.1002,36.46,val
2022-03-10 17:25:59,243,0.0889,39.06,train
2022-03-10 17:25:59,243,0.0714,43.33,val
2022-03-10 17:26:10,244,0.0871,39.33,train
2022-03-10 17:26:10,244,0.0655,51.82,val
2022-03-10 17:26:23,245,0.0885,38.57,train
2022-03-10 17:26:23,245,0.0717,45.21,val
2022-03-10 17:26:32,246,0.0887,39.01,train
2022-03-10 17:26:32,246,0.0687,48.51,val
2022-03-10 17:26:41,247,0.0856,40.17,train
2022-03-10 17:26:41,247,0.1224,37.26,val
2022-03-10 17:26:50,248,0.0871,39.53,train
2022-03-10 17:26:50,248,0.1056,32.89,val
2022-03-10 17:26:59,249,0.0913,37.99,train
2022-03-10 17:26:59,249,0.0843,37.53,val
2022-03-10 17:27:08,250,0.0897,37.88,train
2022-03-10 17:27:08,250,0.1069,34.49,val
2022-03-10 17:27:17,251,0.0902,38.20,train
2022-03-10 17:27:17,251,0.0739,39.85,val
2022-03-10 17:27:26,252,0.0892,38.64,train
2022-03-10 17:27:26,252,0.0882,42.35,val
2022-03-10 17:27:36,253,0.0896,37.53,train
2022-03-10 17:27:36,253,0.1255,30.92,val
2022-03-10 17:27:47,254,0.0875,39.28,train
2022-03-10 17:27:47,254,0.0810,42.08,val
2022-03-10 17:27:56,255,0.0921,37.30,train
2022-03-10 17:27:56,255,0.0812,37.98,val
2022-03-10 17:28:05,256,0.0878,39.20,train
2022-03-10 17:28:05,256,0.0990,38.96,val
2022-03-10 17:28:15,257,0.0892,38.54,train
2022-03-10 17:28:15,257,0.0969,39.23,val
2022-03-10 17:28:25,258,0.0890,38.27,train
2022-03-10 17:28:25,258,0.0750,43.07,val
2022-03-10 17:28:34,259,0.0891,38.16,train
2022-03-10 17:28:34,259,0.0718,45.30,val
2022-03-10 17:28:44,260,0.0862,39.18,train
2022-03-10 17:28:44,260,0.0810,42.08,val
2022-03-10 17:28:53,261,0.0878,40.18,train
2022-03-10 17:28:53,261,0.1125,28.51,val
2022-03-10 17:29:03,262,0.0896,38.33,train
2022-03-10 17:29:03,262,0.0944,30.21,val
2022-03-10 17:29:13,263,0.0919,38.49,train
2022-03-10 17:29:13,263,0.0745,43.96,val
2022-03-10 17:29:21,264,0.0871,39.17,train
2022-03-10 17:29:21,264,0.0826,44.94,val
2022-03-10 17:29:30,265,0.0887,39.22,train
2022-03-10 17:29:30,265,0.0844,38.96,val
2022-03-10 17:29:40,266,0.0923,37.48,train
2022-03-10 17:29:40,266,0.0874,34.23,val
2022-03-10 17:29:49,267,0.0891,39.90,train
2022-03-10 17:29:49,267,0.0753,44.76,val
2022-03-10 17:29:59,268,0.0907,38.18,train
2022-03-10 17:29:59,268,0.0782,37.71,val
2022-03-10 17:30:08,269,0.0892,38.93,train
2022-03-10 17:30:08,269,0.0854,36.90,val
2022-03-10 17:30:17,270,0.0895,38.29,train
2022-03-10 17:30:17,270,0.0828,39.32,val
2022-03-10 17:30:27,271,0.0890,38.88,train
2022-03-10 17:30:27,271,0.0819,36.01,val
2022-03-10 17:30:37,272,0.0887,39.31,train
2022-03-10 17:30:37,272,0.0817,37.44,val
2022-03-10 17:30:47,273,0.0903,37.73,train
2022-03-10 17:30:47,273,0.0809,34.67,val
2022-03-10 17:30:57,274,0.0876,38.95,train
2022-03-10 17:30:57,274,0.0686,46.64,val
2022-03-10 17:31:06,275,0.0909,38.66,train
2022-03-10 17:31:06,275,0.1157,31.10,val
2022-03-10 17:31:15,276,0.0865,39.26,train
2022-03-10 17:31:15,276,0.0835,36.64,val
2022-03-10 17:31:24,277,0.0879,39.04,train
2022-03-10 17:31:24,277,0.0943,31.46,val
2022-03-10 17:31:33,278,0.0902,37.79,train
2022-03-10 17:31:33,278,0.0737,42.89,val
2022-03-10 17:31:42,279,0.0894,39.25,train
2022-03-10 17:31:42,279,0.1114,32.98,val
2022-03-10 17:31:52,280,0.0904,37.20,train
2022-03-10 17:31:52,280,0.0711,44.40,val
2022-03-10 17:32:01,281,0.0889,38.12,train
2022-03-10 17:32:01,281,0.0834,41.19,val
2022-03-10 17:32:11,282,0.0894,39.01,train
2022-03-10 17:32:11,282,0.0721,43.96,val
2022-03-10 17:32:20,283,0.0886,38.25,train
2022-03-10 17:32:20,283,0.0751,47.08,val
2022-03-10 17:32:29,284,0.0891,37.73,train
2022-03-10 17:32:29,284,0.0927,31.82,val
2022-03-10 17:32:38,285,0.0895,38.50,train
2022-03-10 17:32:38,285,0.1138,27.26,val
2022-03-10 17:32:48,286,0.0876,38.42,train
2022-03-10 17:32:48,286,0.0711,40.57,val
2022-03-10 17:32:58,287,0.0893,38.62,train
2022-03-10 17:32:58,287,0.1083,30.48,val
2022-03-10 17:33:07,288,0.0862,39.97,train
2022-03-10 17:33:07,288,0.0935,29.05,val
2022-03-10 17:33:17,289,0.0917,38.48,train
2022-03-10 17:33:17,289,0.0860,36.28,val
2022-03-10 17:33:27,290,0.0910,38.41,train
2022-03-10 17:33:27,290,0.0859,39.67,val
2022-03-10 17:33:37,291,0.0896,37.87,train
2022-03-10 17:33:37,291,0.0987,39.94,val
2022-03-10 17:33:47,292,0.0883,39.24,train
2022-03-10 17:33:47,292,0.0816,41.82,val
2022-03-10 17:33:56,293,0.0909,38.20,train
2022-03-10 17:33:56,293,0.0892,37.62,val
2022-03-10 17:34:05,294,0.0872,39.53,train
2022-03-10 17:34:05,294,0.0837,38.69,val
2022-03-10 17:34:15,295,0.0907,38.48,train
2022-03-10 17:34:15,295,0.1261,35.57,val
2022-03-10 17:34:24,296,0.0870,39.29,train
2022-03-10 17:34:24,296,0.1158,27.71,val
2022-03-10 17:34:34,297,0.0917,38.11,train
2022-03-10 17:34:34,297,0.1017,41.82,val
2022-03-10 17:34:42,298,0.0901,38.22,train
2022-03-10 17:34:42,298,0.0729,39.14,val
2022-03-10 17:34:53,299,0.0898,38.13,train
2022-03-10 17:34:53,299,0.1128,27.89,val
2022-03-10 17:35:03,300,0.0869,39.41,train
2022-03-10 17:35:03,300,0.0787,39.67,val
2022-03-10 17:35:13,301,0.0942,37.98,train
2022-03-10 17:35:13,301,0.0935,29.23,val
2022-03-10 17:35:22,302,0.0899,37.90,train
2022-03-10 17:35:22,302,0.0651,53.33,val
2022-03-10 17:35:41,303,0.0914,38.09,train
2022-03-10 17:35:41,303,0.0735,49.85,val
2022-03-10 17:35:50,304,0.0875,39.86,train
2022-03-10 17:35:50,304,0.0862,30.48,val
2022-03-10 17:35:59,305,0.0887,38.78,train
2022-03-10 17:35:59,305,0.0965,28.07,val
2022-03-10 17:36:09,306,0.0901,38.13,train
2022-03-10 17:36:09,306,0.1313,27.98,val
2022-03-10 17:36:18,307,0.0895,38.11,train
2022-03-10 17:36:18,307,0.0957,30.57,val
2022-03-10 17:36:27,308,0.0912,38.37,train
2022-03-10 17:36:27,308,0.0770,43.60,val
2022-03-10 17:36:36,309,0.0880,40.16,train
2022-03-10 17:36:36,309,0.0948,36.82,val
2022-03-10 17:36:45,310,0.0919,38.31,train
2022-03-10 17:36:45,310,0.1078,36.46,val
2022-03-10 17:36:54,311,0.0884,39.15,train
2022-03-10 17:36:54,311,0.0779,39.40,val
2022-03-10 17:37:03,312,0.0923,37.78,train
2022-03-10 17:37:03,312,0.0958,28.96,val
2022-03-10 17:37:13,313,0.0868,39.70,train
2022-03-10 17:37:13,313,0.0829,48.60,val
2022-03-10 17:37:22,314,0.0891,38.96,train
2022-03-10 17:37:22,314,0.1135,28.24,val
2022-03-10 17:37:32,315,0.0904,38.50,train
2022-03-10 17:37:32,315,0.0792,33.42,val
2022-03-10 17:37:41,316,0.0897,38.47,train
2022-03-10 17:37:41,316,0.0750,42.44,val
2022-03-10 17:37:50,317,0.0910,37.92,train
2022-03-10 17:37:50,317,0.0830,36.46,val
2022-03-10 17:37:59,318,0.0905,38.67,train
2022-03-10 17:37:59,318,0.0839,41.01,val
2022-03-10 17:38:08,319,0.0933,37.29,train
2022-03-10 17:38:08,319,0.1003,30.92,val
2022-03-10 17:38:17,320,0.0890,38.61,train
2022-03-10 17:38:17,320,0.0927,36.46,val
2022-03-10 17:38:26,321,0.0921,38.16,train
2022-03-10 17:38:26,321,0.0872,32.62,val
2022-03-10 17:38:35,322,0.0875,38.97,train
2022-03-10 17:38:35,322,0.0847,37.08,val
2022-03-10 17:38:45,323,0.0892,38.57,train
2022-03-10 17:38:45,323,0.0994,37.08,val
2022-03-10 17:38:55,324,0.0892,38.12,train
2022-03-10 17:38:55,324,0.0804,38.96,val
2022-03-10 17:39:04,325,0.0879,39.64,train
2022-03-10 17:39:04,325,0.1013,34.76,val
2022-03-10 17:39:13,326,0.0919,38.19,train
2022-03-10 17:39:13,326,0.0897,34.94,val
2022-03-10 17:39:23,327,0.0878,38.74,train
2022-03-10 17:39:23,327,0.1030,35.74,val
2022-03-10 17:39:33,328,0.0880,38.85,train
2022-03-10 17:39:33,328,0.0699,42.80,val
2022-03-10 17:39:41,329,0.0891,37.67,train
2022-03-10 17:39:41,329,0.0969,39.23,val
2022-03-10 17:39:50,330,0.0865,39.66,train
2022-03-10 17:39:50,330,0.0752,40.74,val
2022-03-10 17:40:01,331,0.0913,38.16,train
2022-03-10 17:40:01,331,0.0859,39.67,val
2022-03-10 17:40:11,332,0.0901,39.22,train
2022-03-10 17:40:11,332,0.0889,35.48,val
2022-03-10 17:40:21,333,0.0873,39.19,train
2022-03-10 17:40:21,333,0.1018,34.67,val
2022-03-10 17:40:29,334,0.0897,38.95,train
2022-03-10 17:40:29,334,0.0677,46.82,val
2022-03-10 17:40:39,335,0.0885,39.11,train
2022-03-10 17:40:39,335,0.0816,41.82,val
2022-03-10 17:40:48,336,0.0916,37.84,train
2022-03-10 17:40:48,336,0.0677,47.80,val
2022-03-10 17:40:58,337,0.0898,38.87,train
2022-03-10 17:40:58,337,0.0987,28.87,val
2022-03-10 17:41:07,338,0.0886,38.99,train
2022-03-10 17:41:07,338,0.0960,32.71,val
2022-03-10 17:41:17,339,0.0870,38.96,train
2022-03-10 17:41:17,339,0.1030,35.74,val
2022-03-10 17:41:26,340,0.0899,38.48,train
2022-03-10 17:41:26,340,0.0823,41.19,val
2022-03-10 17:41:35,341,0.0873,39.48,train
2022-03-10 17:41:35,341,0.0725,36.55,val
2022-03-10 17:41:45,342,0.0907,38.08,train
2022-03-10 17:41:45,342,0.0825,36.10,val
2022-03-10 17:41:54,343,0.0866,40.29,train
2022-03-10 17:41:54,343,0.0797,41.73,val
2022-03-10 17:42:04,344,0.0882,38.73,train
2022-03-10 17:42:04,344,0.0766,39.94,val
2022-03-10 17:42:14,345,0.0906,38.34,train
2022-03-10 17:42:14,345,0.0867,35.92,val
2022-03-10 17:42:24,346,0.0876,38.33,train
2022-03-10 17:42:24,346,0.1125,28.51,val
2022-03-10 17:42:34,347,0.0915,38.79,train
2022-03-10 17:42:34,347,0.0724,41.46,val
2022-03-10 17:42:43,348,0.0904,37.78,train
2022-03-10 17:42:43,348,0.1088,28.96,val
2022-03-10 17:42:52,349,0.0877,38.96,train
2022-03-10 17:42:52,349,0.1048,36.64,val
2022-03-10 17:43:01,350,0.0903,38.35,train
2022-03-10 17:43:01,350,0.0852,38.96,val
2022-03-10 17:43:11,351,0.0911,38.87,train
2022-03-10 17:43:11,351,0.0750,47.35,val
2022-03-10 17:43:20,352,0.0912,38.09,train
2022-03-10 17:43:20,352,0.0875,29.76,val
2022-03-10 17:43:30,353,0.0890,38.98,train
2022-03-10 17:43:30,353,0.0825,41.10,val
2022-03-10 17:43:39,354,0.0890,38.93,train
2022-03-10 17:43:39,354,0.0690,46.55,val
2022-03-10 17:43:48,355,0.0862,39.65,train
2022-03-10 17:43:48,355,0.0955,30.74,val
2022-03-10 17:43:57,356,0.0929,37.30,train
2022-03-10 17:43:57,356,0.0868,32.53,val
2022-03-10 17:44:06,357,0.0894,37.97,train
2022-03-10 17:44:06,357,0.0892,36.46,val
2022-03-10 17:44:16,358,0.0917,37.97,train
2022-03-10 17:44:16,358,0.0791,36.73,val
2022-03-10 17:44:25,359,0.0910,38.45,train
2022-03-10 17:44:25,359,0.0965,42.08,val
2022-03-10 17:44:35,360,0.0879,39.00,train
2022-03-10 17:44:35,360,0.1104,27.26,val
2022-03-10 17:44:44,361,0.0905,38.85,train
2022-03-10 17:44:44,361,0.0834,41.19,val
2022-03-10 17:44:53,362,0.0909,38.73,train
2022-03-10 17:44:53,362,0.1268,31.82,val
2022-03-10 17:45:02,363,0.0903,37.95,train
2022-03-10 17:45:02,363,0.1002,36.46,val
2022-03-10 17:45:11,364,0.0942,37.82,train
2022-03-10 17:45:11,364,0.0699,42.80,val
2022-03-10 17:45:21,365,0.0937,37.85,train
2022-03-10 17:45:21,365,0.1049,37.35,val
2022-03-10 17:45:30,366,0.0874,39.33,train
2022-03-10 17:45:30,366,0.0914,32.89,val
2022-03-10 17:45:39,367,0.0878,39.38,train
2022-03-10 17:45:39,367,0.0687,50.48,val
2022-03-10 17:45:48,368,0.0888,37.81,train
2022-03-10 17:45:48,368,0.1037,31.99,val
2022-03-10 17:45:57,369,0.0927,38.55,train
2022-03-10 17:45:57,369,0.0703,45.65,val
2022-03-10 17:46:07,370,0.0904,38.64,train
2022-03-10 17:46:07,370,0.1368,27.08,val
2022-03-10 17:46:16,371,0.0893,38.60,train
2022-03-10 17:46:16,371,0.0854,39.94,val
2022-03-10 17:46:25,372,0.0869,39.25,train
2022-03-10 17:46:25,372,0.0901,29.05,val
2022-03-10 17:46:35,373,0.0878,39.09,train
2022-03-10 17:46:35,373,0.0974,37.17,val
2022-03-10 17:46:44,374,0.0913,38.28,train
2022-03-10 17:46:44,374,0.0706,44.49,val
2022-03-10 17:46:54,375,0.0908,38.07,train
2022-03-10 17:46:54,375,0.0865,32.17,val
2022-03-10 17:47:03,376,0.0876,39.25,train
2022-03-10 17:47:03,376,0.0809,41.90,val
2022-03-10 17:47:12,377,0.0899,37.71,train
2022-03-10 17:47:12,377,0.0850,34.32,val
2022-03-10 17:47:22,378,0.0890,39.13,train
2022-03-10 17:47:22,378,0.0911,36.01,val
2022-03-10 17:47:31,379,0.0885,39.33,train
2022-03-10 17:47:31,379,0.1233,36.28,val
2022-03-10 17:47:41,380,0.0903,38.59,train
2022-03-10 17:47:41,380,0.0866,36.37,val
2022-03-10 17:47:50,381,0.0897,38.91,train
2022-03-10 17:47:50,381,0.0830,41.28,val
2022-03-10 17:48:00,382,0.0882,39.00,train
2022-03-10 17:48:00,382,0.0961,36.46,val
2022-03-10 17:48:09,383,0.0860,39.81,train
2022-03-10 17:48:09,383,0.0725,36.55,val
2022-03-10 17:48:18,384,0.0895,37.74,train
2022-03-10 17:48:18,384,0.0769,45.30,val
2022-03-10 17:48:27,385,0.0877,39.57,train
2022-03-10 17:48:27,385,0.1135,28.24,val
2022-03-10 17:48:36,386,0.0885,39.35,train
2022-03-10 17:48:36,386,0.0881,40.92,val
2022-03-10 17:48:45,387,0.0946,38.16,train
2022-03-10 17:48:45,387,0.1356,28.33,val
2022-03-10 17:48:55,388,0.0940,37.16,train
2022-03-10 17:48:55,388,0.0695,46.37,val
2022-03-10 17:49:04,389,0.0891,38.35,train
2022-03-10 17:49:04,389,0.0703,41.55,val
2022-03-10 17:49:14,390,0.0895,38.51,train
2022-03-10 17:49:14,390,0.0966,32.71,val
2022-03-10 17:49:23,391,0.0890,38.79,train
2022-03-10 17:49:23,391,0.0838,32.71,val
2022-03-10 17:49:32,392,0.0867,40.08,train
2022-03-10 17:49:32,392,0.0720,42.35,val
2022-03-10 17:49:42,393,0.0926,37.76,train
2022-03-10 17:49:42,393,0.1536,27.44,val
2022-03-10 17:49:52,394,0.0902,37.99,train
2022-03-10 17:49:52,394,0.0852,36.37,val
2022-03-10 17:50:01,395,0.0879,38.70,train
2022-03-10 17:50:01,395,0.0862,39.94,val
2022-03-10 17:50:10,396,0.0907,37.76,train
2022-03-10 17:50:10,396,0.1356,28.33,val
2022-03-10 17:50:19,397,0.0883,38.61,train
2022-03-10 17:50:19,397,0.0897,30.92,val
2022-03-10 17:50:29,398,0.0901,37.91,train
2022-03-10 17:50:29,398,0.0703,41.90,val
2022-03-10 17:50:38,399,0.0924,38.36,train
2022-03-10 17:50:38,399,0.1253,33.96,val
2022-03-10 17:50:47,400,0.0901,38.21,train
2022-03-10 17:50:47,400,0.0875,29.76,val
2022-03-10 17:50:57,401,0.0885,38.44,train
2022-03-10 17:50:57,401,0.0915,32.17,val
2022-03-10 17:51:06,402,0.0907,37.17,train
2022-03-10 17:51:06,402,0.1076,35.39,val
2022-03-10 17:51:15,403,0.0874,38.76,train
2022-03-10 17:51:15,403,0.1002,27.71,val
2022-03-10 17:51:25,404,0.0874,39.08,train
2022-03-10 17:51:25,404,0.0882,35.83,val
2022-03-10 17:51:34,405,0.0911,38.54,train
2022-03-10 17:51:34,405,0.0861,36.73,val
2022-03-10 17:51:43,406,0.0890,38.65,train
2022-03-10 17:51:43,406,0.0872,32.62,val
2022-03-10 17:51:52,407,0.0877,38.34,train
2022-03-10 17:51:52,407,0.1067,36.55,val
2022-03-10 17:52:02,408,0.0868,39.58,train
2022-03-10 17:52:02,408,0.0872,32.62,val
2022-03-10 17:52:11,409,0.0906,37.91,train
2022-03-10 17:52:11,409,0.0976,41.37,val
2022-03-10 17:52:21,410,0.0902,38.63,train
2022-03-10 17:52:21,410,0.0776,46.46,val
2022-03-10 17:52:30,411,0.0901,38.75,train
2022-03-10 17:52:30,411,0.0944,39.85,val
2022-03-10 17:52:39,412,0.0908,38.68,train
2022-03-10 17:52:39,412,0.0935,29.23,val
2022-03-10 17:52:49,413,0.0865,40.10,train
2022-03-10 17:52:49,413,0.1224,37.26,val
2022-03-10 17:52:59,414,0.0887,38.46,train
2022-03-10 17:52:59,414,0.0785,39.49,val
2022-03-10 17:53:08,415,0.0906,38.65,train
2022-03-10 17:53:08,415,0.0874,37.62,val
2022-03-10 17:53:17,416,0.0881,39.43,train
2022-03-10 17:53:17,416,0.0976,41.37,val
2022-03-10 17:53:26,417,0.0872,39.32,train
2022-03-10 17:53:26,417,0.1025,27.71,val
2022-03-10 17:53:35,418,0.0927,37.73,train
2022-03-10 17:53:35,418,0.0746,36.10,val
2022-03-10 17:53:44,419,0.0891,38.33,train
2022-03-10 17:53:44,419,0.0991,32.08,val
2022-03-10 17:53:54,420,0.0908,38.23,train
2022-03-10 17:53:54,420,0.0691,50.12,val
2022-03-10 17:54:03,421,0.0868,39.53,train
2022-03-10 17:54:03,421,0.1168,34.23,val
2022-03-10 17:54:12,422,0.0893,39.57,train
2022-03-10 17:54:12,422,0.0784,42.98,val
2022-03-10 17:54:23,423,0.0874,39.06,train
2022-03-10 17:54:23,423,0.1016,30.21,val
2022-03-10 17:54:32,424,0.0904,37.87,train
2022-03-10 17:54:32,424,0.0752,46.99,val
2022-03-10 17:54:41,425,0.0904,38.79,train
2022-03-10 17:54:41,425,0.0973,30.03,val
2022-03-10 17:54:50,426,0.0867,39.17,train
2022-03-10 17:54:50,426,0.0783,42.53,val
2022-03-10 17:54:59,427,0.0882,39.15,train
2022-03-10 17:54:59,427,0.0999,27.35,val
2022-03-10 17:55:08,428,0.0876,39.12,train
2022-03-10 17:55:08,428,0.1372,29.67,val
2022-03-10 17:55:17,429,0.0907,38.68,train
2022-03-10 17:55:17,429,0.0808,38.87,val
2022-03-10 17:55:26,430,0.0897,38.25,train
2022-03-10 17:55:26,430,0.0707,44.14,val
2022-03-10 17:55:35,431,0.0870,39.89,train
2022-03-10 17:55:35,431,0.0753,44.76,val
2022-03-10 17:55:45,432,0.0946,36.91,train
2022-03-10 17:55:45,432,0.0741,44.85,val
2022-03-10 17:55:54,433,0.0882,39.07,train
2022-03-10 17:55:54,433,0.1191,28.07,val
2022-03-10 17:56:03,434,0.0925,38.50,train
2022-03-10 17:56:03,434,0.1109,29.76,val
2022-03-10 17:56:12,435,0.0895,39.41,train
2022-03-10 17:56:12,435,0.0744,39.14,val
2022-03-10 17:56:22,436,0.0887,38.50,train
2022-03-10 17:56:22,436,0.0837,38.69,val
2022-03-10 17:56:31,437,0.0899,38.85,train
2022-03-10 17:56:31,437,0.1107,32.62,val
2022-03-10 17:56:40,438,0.0877,39.42,train
2022-03-10 17:56:40,438,0.0826,42.80,val
2022-03-10 17:56:49,439,0.0916,38.36,train
2022-03-10 17:56:49,439,0.0689,48.42,val
2022-03-10 17:56:59,440,0.0916,38.33,train
2022-03-10 17:56:59,440,0.0888,29.76,val
2022-03-10 17:57:08,441,0.0916,37.54,train
2022-03-10 17:57:08,441,0.0935,29.23,val
2022-03-10 17:57:17,442,0.0891,38.80,train
2022-03-10 17:57:17,442,0.0709,46.19,val
2022-03-10 17:57:27,443,0.0882,39.12,train
2022-03-10 17:57:27,443,0.0952,35.83,val
2022-03-10 17:57:36,444,0.0889,37.94,train
2022-03-10 17:57:36,444,0.1025,35.03,val
2022-03-10 17:57:45,445,0.0887,38.42,train
2022-03-10 17:57:45,445,0.1347,31.82,val
2022-03-10 17:57:54,446,0.0903,38.58,train
2022-03-10 17:57:54,446,0.0748,41.10,val
2022-03-10 17:58:03,447,0.0936,37.52,train
2022-03-10 17:58:03,447,0.0889,35.48,val
2022-03-10 17:58:13,448,0.0920,38.35,train
2022-03-10 17:58:13,448,0.0878,33.42,val
2022-03-10 17:58:22,449,0.0924,38.08,train
2022-03-10 17:58:22,449,0.0817,37.71,val
2022-03-10 17:58:31,450,0.0899,39.15,train
2022-03-10 17:58:31,450,0.1162,34.40,val
2022-03-10 17:58:40,451,0.0898,38.40,train
2022-03-10 17:58:40,451,0.0761,41.46,val
2022-03-10 17:58:49,452,0.0921,37.24,train
2022-03-10 17:58:49,452,0.1048,36.64,val
2022-03-10 17:58:58,453,0.0929,37.70,train
2022-03-10 17:58:58,453,0.1026,34.67,val
2022-03-10 17:59:07,454,0.0914,37.40,train
2022-03-10 17:59:07,454,0.0854,36.90,val
2022-03-10 17:59:16,455,0.0893,38.80,train
2022-03-10 17:59:16,455,0.0862,30.48,val
2022-03-10 17:59:25,456,0.0904,38.28,train
2022-03-10 17:59:25,456,0.1259,33.87,val
2022-03-10 17:59:35,457,0.0905,37.35,train
2022-03-10 17:59:35,457,0.0864,35.65,val
2022-03-10 17:59:43,458,0.0903,37.58,train
2022-03-10 17:59:43,458,0.0863,34.67,val
2022-03-10 17:59:53,459,0.0908,37.75,train
2022-03-10 17:59:53,459,0.1101,28.24,val
2022-03-10 18:00:03,460,0.0869,39.17,train
2022-03-10 18:00:03,460,0.1030,35.74,val
2022-03-10 18:00:13,461,0.0862,39.38,train
2022-03-10 18:00:13,461,0.0748,45.12,val
2022-03-10 18:00:23,462,0.0898,39.36,train
2022-03-10 18:00:23,462,0.0974,28.24,val
2022-03-10 18:00:32,463,0.0901,38.46,train
2022-03-10 18:00:32,463,0.1049,37.35,val
2022-03-10 18:00:41,464,0.0876,39.54,train
2022-03-10 18:00:41,464,0.0821,32.89,val
2022-03-10 18:00:51,465,0.0916,37.81,train
2022-03-10 18:00:51,465,0.0740,42.80,val
2022-03-10 18:01:01,466,0.0904,38.09,train
2022-03-10 18:01:01,466,0.0832,39.05,val
2022-03-10 18:01:10,467,0.0879,38.15,train
2022-03-10 18:01:10,467,0.0827,37.53,val
2022-03-10 18:01:19,468,0.0893,39.64,train
2022-03-10 18:01:19,468,0.0730,45.21,val
2022-03-10 18:01:28,469,0.0912,37.32,train
2022-03-10 18:01:28,469,0.0688,48.15,val
2022-03-10 18:01:39,470,0.0921,37.50,train
2022-03-10 18:01:39,470,0.0841,42.44,val
2022-03-10 18:01:49,471,0.0866,39.11,train
2022-03-10 18:01:49,471,0.0748,45.12,val
2022-03-10 18:01:59,472,0.0888,39.11,train
2022-03-10 18:01:59,472,0.0744,39.14,val
2022-03-10 18:02:08,473,0.0901,39.04,train
2022-03-10 18:02:08,473,0.0898,35.65,val
2022-03-10 18:02:17,474,0.0890,38.94,train
2022-03-10 18:02:17,474,0.0897,29.49,val
2022-03-10 18:02:27,475,0.0895,38.92,train
2022-03-10 18:02:27,475,0.0808,34.49,val
2022-03-10 18:02:36,476,0.0937,37.94,train
2022-03-10 18:02:36,476,0.0931,29.49,val
2022-03-10 18:02:45,477,0.0877,38.88,train
2022-03-10 18:02:45,477,0.0911,32.08,val
2022-03-10 18:02:54,478,0.0887,38.50,train
2022-03-10 18:02:54,478,0.1028,34.05,val
2022-03-10 18:03:03,479,0.0904,38.14,train
2022-03-10 18:03:03,479,0.1546,26.82,val
2022-03-10 18:03:12,480,0.0886,39.04,train
2022-03-10 18:03:12,480,0.0791,36.73,val
2022-03-10 18:03:23,481,0.0896,37.71,train
2022-03-10 18:03:23,481,0.0727,41.55,val
2022-03-10 18:03:32,482,0.0870,40.02,train
2022-03-10 18:03:32,482,0.1127,29.94,val
2022-03-10 18:03:41,483,0.0908,38.15,train
2022-03-10 18:03:41,483,0.0751,47.08,val
2022-03-10 18:03:51,484,0.0917,38.16,train
2022-03-10 18:03:51,484,0.0696,46.46,val
2022-03-10 18:04:00,485,0.0904,39.05,train
2022-03-10 18:04:00,485,0.0669,51.28,val
2022-03-10 18:04:09,486,0.0886,39.79,train
2022-03-10 18:04:09,486,0.0877,33.78,val
2022-03-10 18:04:18,487,0.0915,38.45,train
2022-03-10 18:04:18,487,0.0700,46.10,val
2022-03-10 18:04:27,488,0.0925,37.78,train
2022-03-10 18:04:27,488,0.0957,37.80,val
2022-03-10 18:04:36,489,0.0876,39.45,train
2022-03-10 18:04:36,489,0.1261,35.57,val
2022-03-10 18:04:46,490,0.0886,39.05,train
2022-03-10 18:04:46,490,0.0752,40.74,val
2022-03-10 18:04:56,491,0.0901,38.04,train
2022-03-10 18:04:56,491,0.0752,42.35,val
2022-03-10 18:05:05,492,0.0892,38.44,train
2022-03-10 18:05:05,492,0.0824,37.98,val
2022-03-10 18:05:14,493,0.0893,38.94,train
2022-03-10 18:05:14,493,0.0703,45.65,val
2022-03-10 18:05:23,494,0.0879,38.66,train
2022-03-10 18:05:23,494,0.1019,37.71,val
2022-03-10 18:05:32,495,0.0884,39.26,train
2022-03-10 18:05:32,495,0.0703,41.90,val
2022-03-10 18:05:41,496,0.0928,37.56,train
2022-03-10 18:05:41,496,0.0825,36.10,val
2022-03-10 18:05:51,497,0.0884,39.03,train
2022-03-10 18:05:51,497,0.1002,36.46,val
2022-03-10 18:05:59,498,0.0944,37.47,train
2022-03-10 18:05:59,498,0.1208,34.67,val
2022-03-10 18:06:09,499,0.0897,37.81,train
2022-03-10 18:06:09,499,0.0675,46.90,val
2022-03-10 18:06:19,500,0.0913,37.98,train
2022-03-10 18:06:19,500,0.0890,32.53,val
2022-03-10 18:06:29,501,0.0877,39.03,train
2022-03-10 18:06:29,501,0.0765,39.94,val
2022-03-10 18:06:38,502,0.0889,38.14,train
2022-03-10 18:06:38,502,0.0765,41.64,val
2022-03-10 18:06:47,503,0.0897,38.42,train
2022-03-10 18:06:47,503,0.0938,31.64,val
2022-03-10 18:06:56,504,0.0908,39.36,train
2022-03-10 18:06:56,504,0.0881,41.28,val
2022-03-10 18:07:05,505,0.0864,40.18,train
2022-03-10 18:07:05,505,0.0736,40.83,val
2022-03-10 18:07:15,506,0.0905,38.13,train
2022-03-10 18:07:15,506,0.0889,32.08,val
2022-03-10 18:07:25,507,0.0894,38.55,train
2022-03-10 18:07:25,507,0.0750,38.69,val
2022-03-10 18:07:34,508,0.0860,39.28,train
2022-03-10 18:07:34,508,0.0795,39.14,val
2022-03-10 18:07:43,509,0.0883,39.65,train
2022-03-10 18:07:43,509,0.0718,45.30,val
2022-03-10 18:07:52,510,0.0890,38.84,train
2022-03-10 18:07:52,510,0.0960,32.71,val
2022-03-10 18:08:01,511,0.0907,38.84,train
2022-03-10 18:08:01,511,0.0709,46.46,val
2022-03-10 18:08:10,512,0.0895,38.27,train
2022-03-10 18:08:10,512,0.0881,41.28,val
2022-03-10 18:08:20,513,0.0879,38.89,train
2022-03-10 18:08:20,513,0.0892,32.44,val
2022-03-10 18:08:29,514,0.0906,39.02,train
2022-03-10 18:08:29,514,0.0943,32.71,val
2022-03-10 18:08:38,515,0.0896,38.30,train
2022-03-10 18:08:38,515,0.0996,30.03,val
2022-03-10 18:08:47,516,0.0876,39.17,train
2022-03-10 18:08:47,516,0.0740,42.80,val
2022-03-10 18:08:56,517,0.0877,39.30,train
2022-03-10 18:08:56,517,0.0886,36.90,val
2022-03-10 18:09:06,518,0.0888,38.36,train
2022-03-10 18:09:06,518,0.1003,34.32,val
2022-03-10 18:09:17,519,0.0888,38.92,train
2022-03-10 18:09:17,519,0.0999,37.53,val
2022-03-10 18:09:26,520,0.0888,38.26,train
2022-03-10 18:09:26,520,0.0745,43.15,val
2022-03-10 18:09:34,521,0.0884,38.54,train
2022-03-10 18:09:34,521,0.0824,40.21,val
2022-03-10 18:09:43,522,0.0895,39.06,train
2022-03-10 18:09:43,522,0.0853,36.01,val
2022-03-10 18:09:52,523,0.0929,38.82,train
2022-03-10 18:09:52,523,0.0874,34.23,val
2022-03-10 18:10:02,524,0.0919,38.40,train
2022-03-10 18:10:02,524,0.0730,41.90,val
2022-03-10 18:10:12,525,0.0900,38.47,train
2022-03-10 18:10:12,525,0.0998,36.82,val
2022-03-10 18:10:21,526,0.0889,37.45,train
2022-03-10 18:10:21,526,0.0827,48.69,val
2022-03-10 18:10:30,527,0.0883,38.85,train
2022-03-10 18:10:30,527,0.0993,33.33,val
2022-03-10 18:10:40,528,0.0903,39.24,train
2022-03-10 18:10:40,528,0.0928,35.48,val
2022-03-10 18:10:50,529,0.0872,39.66,train
2022-03-10 18:10:50,529,0.1082,33.24,val
2022-03-10 18:11:00,530,0.0896,39.36,train
2022-03-10 18:11:00,530,0.0830,36.46,val
2022-03-10 18:11:08,531,0.0882,38.68,train
2022-03-10 18:11:08,531,0.0753,44.76,val
2022-03-10 18:11:18,532,0.0915,38.15,train
2022-03-10 18:11:18,532,0.0688,48.15,val
2022-03-10 18:11:28,533,0.0920,38.10,train
2022-03-10 18:11:28,533,0.1003,34.32,val
2022-03-10 18:11:38,534,0.0908,37.80,train
2022-03-10 18:11:38,534,0.0787,34.94,val
2022-03-10 18:11:47,535,0.0876,38.91,train
2022-03-10 18:11:47,535,0.0864,35.65,val
2022-03-10 18:11:56,536,0.0914,38.07,train
2022-03-10 18:11:56,536,0.1158,27.71,val
2022-03-10 18:12:06,537,0.0880,38.99,train
2022-03-10 18:12:06,537,0.0818,33.33,val
2022-03-10 18:12:16,538,0.0894,38.67,train
2022-03-10 18:12:16,538,0.0897,34.23,val
2022-03-10 18:12:24,539,0.0905,37.58,train
2022-03-10 18:12:24,539,0.0785,39.49,val
2022-03-10 18:12:34,540,0.0872,39.12,train
2022-03-10 18:12:34,540,0.0827,41.10,val
2022-03-10 18:12:43,541,0.0889,38.29,train
2022-03-10 18:12:43,541,0.1246,32.26,val
2022-03-10 18:12:52,542,0.0885,38.82,train
2022-03-10 18:12:52,542,0.0829,38.07,val
2022-03-10 18:13:02,543,0.0925,37.24,train
2022-03-10 18:13:02,543,0.0703,45.65,val
2022-03-10 18:13:12,544,0.0890,39.16,train
2022-03-10 18:13:12,544,0.0889,39.49,val
2022-03-10 18:13:22,545,0.0906,38.81,train
2022-03-10 18:13:22,545,0.0770,38.42,val
2022-03-10 18:13:32,546,0.0858,40.35,train
2022-03-10 18:13:32,546,0.0774,42.98,val
2022-03-10 18:13:41,547,0.0884,38.80,train
2022-03-10 18:13:41,547,0.0703,41.90,val
2022-03-10 18:13:51,548,0.0919,38.27,train
2022-03-10 18:13:51,548,0.0957,33.78,val
2022-03-10 18:13:59,549,0.0871,39.90,train
2022-03-10 18:13:59,549,0.0865,32.17,val
2022-03-10 18:14:09,550,0.0896,37.82,train
2022-03-10 18:14:09,550,0.0821,36.28,val
2022-03-10 18:14:18,551,0.0885,39.09,train
2022-03-10 18:14:18,551,0.1082,33.24,val
2022-03-10 18:14:28,552,0.0860,40.16,train
2022-03-10 18:14:28,552,0.0831,40.74,val
2022-03-10 18:14:37,553,0.0896,38.13,train
2022-03-10 18:14:37,553,0.0910,34.23,val
2022-03-10 18:14:46,554,0.0893,39.05,train
2022-03-10 18:14:46,554,0.0792,33.42,val
2022-03-10 18:14:56,555,0.0888,38.31,train
2022-03-10 18:14:56,555,0.0730,41.90,val
2022-03-10 18:15:05,556,0.0893,38.54,train
2022-03-10 18:15:05,556,0.1091,32.62,val
2022-03-10 18:15:16,557,0.0908,38.92,train
2022-03-10 18:15:16,557,0.0889,35.48,val
2022-03-10 18:15:24,558,0.0902,39.04,train
2022-03-10 18:15:24,558,0.1076,35.39,val
2022-03-10 18:15:33,559,0.0908,38.17,train
2022-03-10 18:15:33,559,0.1161,27.71,val
2022-03-10 18:15:43,560,0.0880,37.93,train
2022-03-10 18:15:43,560,0.0804,32.71,val
2022-03-10 18:15:52,561,0.0899,38.57,train
2022-03-10 18:15:52,561,0.0705,46.55,val
2022-03-10 18:16:01,562,0.0885,38.34,train
2022-03-10 18:16:01,562,0.0683,48.51,val
2022-03-10 18:16:10,563,0.0881,38.95,train
2022-03-10 18:16:10,563,0.0635,55.83,val
2022-03-10 18:16:25,564,0.0901,37.90,train
2022-03-10 18:16:25,564,0.1019,35.12,val
2022-03-10 18:16:34,565,0.0875,39.40,train
2022-03-10 18:16:34,565,0.1091,32.62,val
2022-03-10 18:16:43,566,0.0908,37.81,train
2022-03-10 18:16:43,566,0.1220,38.78,val
2022-03-10 18:16:52,567,0.0902,38.69,train
2022-03-10 18:16:52,567,0.0808,38.51,val
2022-03-10 18:17:02,568,0.0873,39.51,train
2022-03-10 18:17:02,568,0.0801,38.24,val
2022-03-10 18:17:11,569,0.0897,38.48,train
2022-03-10 18:17:11,569,0.0842,36.82,val
2022-03-10 18:17:20,570,0.0882,37.83,train
2022-03-10 18:17:20,570,0.0863,34.85,val
2022-03-10 18:17:29,571,0.0886,39.45,train
2022-03-10 18:17:29,571,0.0831,37.17,val
2022-03-10 18:17:39,572,0.0876,39.95,train
2022-03-10 18:17:39,572,0.0709,42.35,val
2022-03-10 18:17:48,573,0.0884,37.95,train
2022-03-10 18:17:48,573,0.0791,44.14,val
2022-03-10 18:17:58,574,0.0882,38.03,train
2022-03-10 18:17:58,574,0.0969,39.23,val
2022-03-10 18:18:07,575,0.0882,39.43,train
2022-03-10 18:18:07,575,0.0901,36.19,val
2022-03-10 18:18:18,576,0.0907,39.03,train
2022-03-10 18:18:18,576,0.0799,41.64,val
2022-03-10 18:18:26,577,0.0893,38.64,train
2022-03-10 18:18:26,577,0.0940,27.71,val
2022-03-10 18:18:35,578,0.0884,38.77,train
2022-03-10 18:18:35,578,0.1038,36.01,val
2022-03-10 18:18:44,579,0.0926,37.91,train
2022-03-10 18:18:44,579,0.1127,29.94,val
2022-03-10 18:18:54,580,0.0878,39.51,train
2022-03-10 18:18:54,580,0.0849,41.55,val
2022-03-10 18:19:03,581,0.0913,37.75,train
2022-03-10 18:19:03,581,0.0882,39.23,val
2022-03-10 18:19:12,582,0.0922,38.62,train
2022-03-10 18:19:12,582,0.0967,41.99,val
2022-03-10 18:19:22,583,0.0939,38.44,train
2022-03-10 18:19:22,583,0.0820,40.30,val
2022-03-10 18:19:31,584,0.0883,39.05,train
2022-03-10 18:19:31,584,0.0738,41.46,val
2022-03-10 18:19:40,585,0.0889,39.16,train
2022-03-10 18:19:40,585,0.0745,43.96,val
2022-03-10 18:19:49,586,0.0894,39.01,train
2022-03-10 18:19:49,586,0.0822,39.40,val
2022-03-10 18:19:58,587,0.0931,37.61,train
2022-03-10 18:19:58,587,0.0825,36.10,val
2022-03-10 18:20:07,588,0.0861,39.33,train
2022-03-10 18:20:07,588,0.0776,40.83,val
2022-03-10 18:20:16,589,0.0898,38.15,train
2022-03-10 18:20:16,589,0.0799,36.19,val
2022-03-10 18:20:25,590,0.0870,38.73,train
2022-03-10 18:20:25,590,0.0878,39.58,val
2022-03-10 18:20:34,591,0.0855,40.51,train
2022-03-10 18:20:34,591,0.1149,29.67,val
2022-03-10 18:20:43,592,0.0889,38.49,train
2022-03-10 18:20:43,592,0.0885,34.85,val
2022-03-10 18:20:52,593,0.0872,38.33,train
2022-03-10 18:20:52,593,0.0826,33.96,val
2022-03-10 18:21:01,594,0.0910,38.59,train
2022-03-10 18:21:01,594,0.0957,33.78,val
2022-03-10 18:21:11,595,0.0873,39.40,train
2022-03-10 18:21:11,595,0.0944,30.21,val
2022-03-10 18:21:21,596,0.0907,38.28,train
2022-03-10 18:21:21,596,0.0961,32.35,val
2022-03-10 18:21:30,597,0.0901,38.92,train
2022-03-10 18:21:30,597,0.1190,27.08,val
2022-03-10 18:21:40,598,0.0880,39.32,train
2022-03-10 18:21:40,598,0.0896,31.01,val
2022-03-10 18:21:49,599,0.0897,38.00,train
2022-03-10 18:21:49,599,0.0750,38.69,val
2022-03-10 18:21:58,600,0.0885,38.36,train
2022-03-10 18:21:58,600,0.0976,41.37,val
2022-03-10 18:22:07,601,0.0903,39.32,train
2022-03-10 18:22:07,601,0.0703,41.90,val
2022-03-10 18:22:16,602,0.0923,37.83,train
2022-03-10 18:22:16,602,0.0804,37.98,val
2022-03-10 18:22:26,603,0.0904,38.54,train
2022-03-10 18:22:26,603,0.0817,37.71,val
2022-03-10 18:22:35,604,0.0909,37.90,train
2022-03-10 18:22:35,604,0.0977,28.60,val
2022-03-10 18:22:44,605,0.0872,38.80,train
2022-03-10 18:22:44,605,0.0912,39.23,val
2022-03-10 18:22:54,606,0.0860,40.16,train
2022-03-10 18:22:54,606,0.1192,31.28,val
2022-03-10 18:23:03,607,0.0877,38.62,train
2022-03-10 18:23:03,607,0.0823,37.89,val
2022-03-10 18:23:13,608,0.0878,39.41,train
2022-03-10 18:23:13,608,0.0823,37.89,val
2022-03-10 18:23:22,609,0.0887,39.34,train
2022-03-10 18:23:22,609,0.1002,36.46,val
2022-03-10 18:23:31,610,0.0884,39.04,train
2022-03-10 18:23:31,610,0.0989,30.74,val
2022-03-10 18:23:40,611,0.0902,38.22,train
2022-03-10 18:23:40,611,0.1381,27.44,val
2022-03-10 18:23:49,612,0.0902,38.16,train
2022-03-10 18:23:49,612,0.0944,35.21,val
2022-03-10 18:23:58,613,0.0896,38.67,train
2022-03-10 18:23:58,613,0.0847,33.51,val
2022-03-10 18:24:07,614,0.0859,40.23,train
2022-03-10 18:24:07,614,0.0890,32.53,val
2022-03-10 18:24:16,615,0.0892,39.31,train
2022-03-10 18:24:16,615,0.0843,37.17,val
2022-03-10 18:24:26,616,0.0917,37.78,train
2022-03-10 18:24:26,616,0.0787,37.62,val
2022-03-10 18:24:36,617,0.0895,38.14,train
2022-03-10 18:24:36,617,0.1039,37.80,val
2022-03-10 18:24:45,618,0.0861,39.38,train
2022-03-10 18:24:45,618,0.1017,36.73,val
2022-03-10 18:24:54,619,0.0874,39.15,train
2022-03-10 18:24:54,619,0.0953,26.99,val
2022-03-10 18:25:03,620,0.0881,39.11,train
2022-03-10 18:25:03,620,0.0830,38.69,val
2022-03-10 18:25:12,621,0.0884,38.29,train
2022-03-10 18:25:12,621,0.1205,41.28,val
2022-03-10 18:25:21,622,0.0912,37.98,train
2022-03-10 18:25:21,622,0.0832,39.05,val
2022-03-10 18:25:30,623,0.0922,38.13,train
2022-03-10 18:25:30,623,0.1192,31.28,val
2022-03-10 18:25:40,624,0.0893,38.25,train
2022-03-10 18:25:40,624,0.0711,40.57,val
2022-03-10 18:25:49,625,0.0928,38.62,train
2022-03-10 18:25:49,625,0.0875,35.83,val
2022-03-10 18:25:58,626,0.0880,38.76,train
2022-03-10 18:25:58,626,0.1397,30.30,val
2022-03-10 18:26:07,627,0.0901,38.49,train
2022-03-10 18:26:07,627,0.1132,30.48,val
2022-03-10 18:26:16,628,0.0880,38.26,train
2022-03-10 18:26:16,628,0.0965,42.08,val
2022-03-10 18:26:25,629,0.0920,37.62,train
2022-03-10 18:26:25,629,0.0869,37.62,val
2022-03-10 18:26:35,630,0.0871,39.57,train
2022-03-10 18:26:35,630,0.0759,45.74,val
2022-03-10 18:26:44,631,0.0873,39.98,train
2022-03-10 18:26:44,631,0.0697,46.10,val
2022-03-10 18:26:53,632,0.0910,37.70,train
2022-03-10 18:26:53,632,0.0783,44.32,val
2022-03-10 18:27:02,633,0.0865,38.82,train
2022-03-10 18:27:02,633,0.0701,44.58,val
2022-03-10 18:27:12,634,0.0862,39.65,train
2022-03-10 18:27:12,634,0.0844,42.98,val
2022-03-10 18:27:21,635,0.0875,40.05,train
2022-03-10 18:27:21,635,0.0901,36.19,val
2022-03-10 18:27:30,636,0.0860,39.95,train
2022-03-10 18:27:30,636,0.0930,30.12,val
2022-03-10 18:27:39,637,0.0866,40.14,train
2022-03-10 18:27:39,637,0.0797,38.60,val
2022-03-10 18:27:49,638,0.0885,38.65,train
2022-03-10 18:27:49,638,0.0940,31.10,val
2022-03-10 18:27:58,639,0.0883,38.89,train
2022-03-10 18:27:58,639,0.0880,37.17,val
2022-03-10 18:28:07,640,0.0876,38.91,train
2022-03-10 18:28:07,640,0.0783,48.33,val
2022-03-10 18:28:16,641,0.0897,37.81,train
2022-03-10 18:28:16,641,0.0943,36.10,val
2022-03-10 18:28:25,642,0.0899,37.75,train
2022-03-10 18:28:25,642,0.0967,41.99,val
2022-03-10 18:28:34,643,0.0898,38.66,train
2022-03-10 18:28:34,643,0.0889,36.10,val
2022-03-10 18:28:43,644,0.0891,38.91,train
2022-03-10 18:28:43,644,0.0861,44.14,val
2022-03-10 18:28:52,645,0.0889,38.94,train
2022-03-10 18:28:52,645,0.0850,34.32,val
2022-03-10 18:29:01,646,0.0882,38.07,train
2022-03-10 18:29:01,646,0.1233,36.28,val
2022-03-10 18:29:11,647,0.0911,38.40,train
2022-03-10 18:29:11,647,0.0662,50.92,val
2022-03-10 18:29:20,648,0.0903,38.01,train
2022-03-10 18:29:20,648,0.0968,35.48,val
2022-03-10 18:29:29,649,0.0871,39.79,train
2022-03-10 18:29:29,649,0.0739,43.15,val
2022-03-10 18:29:38,650,0.0880,39.57,train
2022-03-10 18:29:38,650,0.0703,45.65,val
2022-03-10 18:29:47,651,0.0887,39.19,train
2022-03-10 18:29:47,651,0.0761,41.46,val
2022-03-10 18:29:57,652,0.0883,39.01,train
2022-03-10 18:29:57,652,0.0653,51.90,val
2022-03-10 18:30:07,653,0.0893,39.49,train
2022-03-10 18:30:07,653,0.0800,44.32,val
2022-03-10 18:30:17,654,0.0874,39.57,train
2022-03-10 18:30:17,654,0.0754,45.83,val
2022-03-10 18:30:26,655,0.0937,37.04,train
2022-03-10 18:30:26,655,0.0804,32.71,val
2022-03-10 18:30:35,656,0.0883,38.88,train
2022-03-10 18:30:35,656,0.0751,42.71,val
2022-03-10 18:30:44,657,0.0907,38.57,train
2022-03-10 18:30:44,657,0.0865,32.17,val
2022-03-10 18:30:54,658,0.0866,40.04,train
2022-03-10 18:30:54,658,0.0709,46.46,val
2022-03-10 18:31:03,659,0.0883,37.99,train
2022-03-10 18:31:03,659,0.0975,41.46,val
2022-03-10 18:31:13,660,0.0911,38.34,train
2022-03-10 18:31:13,660,0.1356,28.33,val
2022-03-10 18:31:22,661,0.0875,39.03,train
2022-03-10 18:31:22,661,0.0737,42.89,val
2022-03-10 18:31:31,662,0.0859,40.24,train
2022-03-10 18:31:31,662,0.0738,37.44,val
2022-03-10 18:31:40,663,0.0912,37.90,train
2022-03-10 18:31:40,663,0.0892,37.62,val
2022-03-10 18:31:50,664,0.0889,37.93,train
2022-03-10 18:31:50,664,0.1039,26.82,val
2022-03-10 18:31:59,665,0.0881,39.35,train
2022-03-10 18:31:59,665,0.0838,32.71,val
2022-03-10 18:32:08,666,0.0906,38.41,train
2022-03-10 18:32:08,666,0.0712,47.98,val
2022-03-10 18:32:17,667,0.0879,39.21,train
2022-03-10 18:32:17,667,0.0856,35.92,val
2022-03-10 18:32:26,668,0.0892,38.41,train
2022-03-10 18:32:26,668,0.0974,41.19,val
2022-03-10 18:32:36,669,0.0909,38.30,train
2022-03-10 18:32:36,669,0.1268,35.83,val
2022-03-10 18:32:45,670,0.0901,38.65,train
2022-03-10 18:32:45,670,0.1086,29.49,val
2022-03-10 18:32:54,671,0.0885,39.02,train
2022-03-10 18:32:54,671,0.0975,41.46,val
2022-03-10 18:33:03,672,0.0892,39.03,train
2022-03-10 18:33:03,672,0.0701,48.07,val
2022-03-10 18:33:12,673,0.0879,39.41,train
2022-03-10 18:33:12,673,0.0973,34.05,val
2022-03-10 18:33:22,674,0.0891,37.93,train
2022-03-10 18:33:22,674,0.0813,39.14,val
2022-03-10 18:33:31,675,0.0856,39.75,train
2022-03-10 18:33:31,675,0.0826,42.80,val
2022-03-10 18:33:41,676,0.0913,37.77,train
2022-03-10 18:33:41,676,0.1056,32.89,val
2022-03-10 18:33:50,677,0.0900,38.58,train
2022-03-10 18:33:50,677,0.0781,44.40,val
2022-03-10 18:34:00,678,0.0869,39.12,train
2022-03-10 18:34:00,678,0.0970,29.67,val
2022-03-10 18:34:10,679,0.0912,38.28,train
2022-03-10 18:34:10,679,0.1205,41.28,val
2022-03-10 18:34:19,680,0.0877,38.80,train
2022-03-10 18:34:19,680,0.0917,35.48,val
2022-03-10 18:34:28,681,0.0888,38.24,train
2022-03-10 18:34:28,681,0.0814,39.85,val
2022-03-10 18:34:37,682,0.0888,39.25,train
2022-03-10 18:34:37,682,0.0814,41.64,val
2022-03-10 18:34:46,683,0.0903,38.32,train
2022-03-10 18:34:46,683,0.1398,26.90,val
2022-03-10 18:34:55,684,0.0871,39.60,train
2022-03-10 18:34:55,684,0.1205,41.28,val
2022-03-10 18:35:04,685,0.0879,38.79,train
2022-03-10 18:35:04,685,0.0804,37.98,val
2022-03-10 18:35:14,686,0.0905,38.86,train
2022-03-10 18:35:14,686,0.0964,32.26,val
2022-03-10 18:35:23,687,0.0883,38.75,train
2022-03-10 18:35:23,687,0.1178,27.71,val
2022-03-10 18:35:32,688,0.0910,39.21,train
2022-03-10 18:35:32,688,0.0783,42.53,val
2022-03-10 18:35:41,689,0.0891,38.57,train
2022-03-10 18:35:41,689,0.0690,50.21,val
2022-03-10 18:35:50,690,0.0886,38.17,train
2022-03-10 18:35:50,690,0.0722,44.94,val
2022-03-10 18:35:59,691,0.0882,39.57,train
2022-03-10 18:35:59,691,0.0824,37.98,val
2022-03-10 18:36:09,692,0.0879,38.83,train
2022-03-10 18:36:09,692,0.0853,36.01,val
2022-03-10 18:36:19,693,0.0889,37.92,train
2022-03-10 18:36:19,693,0.0802,37.08,val
2022-03-10 18:36:28,694,0.0876,38.96,train
2022-03-10 18:36:28,694,0.1255,30.92,val
2022-03-10 18:36:37,695,0.0878,39.51,train
2022-03-10 18:36:37,695,0.0838,35.57,val
2022-03-10 18:36:46,696,0.0875,38.86,train
2022-03-10 18:36:46,696,0.0956,27.35,val
2022-03-10 18:36:55,697,0.0882,39.51,train
2022-03-10 18:36:55,697,0.0817,33.96,val
2022-03-10 18:37:05,698,0.0907,38.63,train
2022-03-10 18:37:05,698,0.0859,31.73,val
2022-03-10 18:37:14,699,0.0871,39.17,train
2022-03-10 18:37:14,699,0.0779,39.40,val
2022-03-10 18:37:23,700,0.0880,39.26,train
2022-03-10 18:37:23,700,0.0783,41.19,val
2022-03-10 18:37:32,701,0.0907,38.99,train
2022-03-10 18:37:32,701,0.0848,36.99,val
2022-03-10 18:37:42,702,0.0905,38.13,train
2022-03-10 18:37:42,702,0.0866,36.37,val
2022-03-10 18:37:51,703,0.0920,38.28,train
2022-03-10 18:37:51,703,0.0810,42.08,val
2022-03-10 18:38:01,704,0.0890,38.83,train
2022-03-10 18:38:01,704,0.0957,30.57,val
2022-03-10 18:38:10,705,0.0865,39.93,train
2022-03-10 18:38:10,705,0.0738,41.46,val
2022-03-10 18:38:18,706,0.0914,37.54,train
2022-03-10 18:38:18,706,0.0961,36.46,val
2022-03-10 18:38:27,707,0.0903,37.40,train
2022-03-10 18:38:27,707,0.0948,36.82,val
2022-03-10 18:38:37,708,0.0899,37.71,train
2022-03-10 18:38:37,708,0.0720,43.24,val
2022-03-10 18:38:47,709,0.0887,38.39,train
2022-03-10 18:38:47,709,0.0964,30.12,val
2022-03-10 18:38:55,710,0.0922,37.72,train
2022-03-10 18:38:55,710,0.0792,39.58,val
2022-03-10 18:39:05,711,0.0876,39.18,train
2022-03-10 18:39:05,711,0.0932,35.48,val
2022-03-10 18:39:15,712,0.0888,38.71,train
2022-03-10 18:39:15,712,0.1239,36.73,val
2022-03-10 18:39:24,713,0.0890,38.67,train
2022-03-10 18:39:24,713,0.0843,40.03,val
2022-03-10 18:39:33,714,0.0932,37.97,train
2022-03-10 18:39:33,714,0.0977,28.60,val
2022-03-10 18:39:42,715,0.0907,38.05,train
2022-03-10 18:39:42,715,0.0817,37.44,val
2022-03-10 18:39:52,716,0.0889,38.09,train
2022-03-10 18:39:52,716,0.0856,38.60,val
2022-03-10 18:40:02,717,0.0906,38.65,train
2022-03-10 18:40:02,717,0.0721,42.89,val
2022-03-10 18:40:11,718,0.0916,38.04,train
2022-03-10 18:40:11,718,0.0720,43.24,val
2022-03-10 18:40:20,719,0.0918,38.92,train
2022-03-10 18:40:20,719,0.0741,40.74,val
2022-03-10 18:40:28,720,0.0874,40.41,train
2022-03-10 18:40:28,720,0.0878,39.58,val
2022-03-10 18:40:38,721,0.0928,38.49,train
2022-03-10 18:40:38,721,0.1013,34.76,val
2022-03-10 18:40:46,722,0.0866,39.49,train
2022-03-10 18:40:46,722,0.0939,32.26,val
2022-03-10 18:40:56,723,0.0867,39.57,train
2022-03-10 18:40:56,723,0.0748,41.10,val
2022-03-10 18:41:04,724,0.0894,38.68,train
2022-03-10 18:41:04,724,0.0820,40.30,val
2022-03-10 18:41:13,725,0.0876,38.32,train
2022-03-10 18:41:13,725,0.0943,36.10,val
2022-03-10 18:41:22,726,0.0896,37.88,train
2022-03-10 18:41:22,726,0.1164,26.73,val
2022-03-10 18:41:31,727,0.0878,39.12,train
2022-03-10 18:41:31,727,0.0944,30.21,val
2022-03-10 18:41:40,728,0.0898,38.47,train
2022-03-10 18:41:40,728,0.1142,31.46,val
2022-03-10 18:41:49,729,0.0908,38.04,train
2022-03-10 18:41:49,729,0.0898,35.65,val
2022-03-10 18:41:58,730,0.0896,38.73,train
2022-03-10 18:41:58,730,0.1091,27.98,val
2022-03-10 18:42:07,731,0.0903,38.15,train
2022-03-10 18:42:07,731,0.0687,48.51,val
2022-03-10 18:42:17,732,0.0876,39.17,train
2022-03-10 18:42:17,732,0.0723,45.65,val
2022-03-10 18:42:26,733,0.0916,38.16,train
2022-03-10 18:42:26,733,0.0691,50.12,val
2022-03-10 18:42:35,734,0.0871,39.84,train
2022-03-10 18:42:35,734,0.1034,32.98,val
2022-03-10 18:42:44,735,0.0916,38.27,train
2022-03-10 18:42:44,735,0.0783,41.19,val
2022-03-10 18:42:52,736,0.0894,38.49,train
2022-03-10 18:42:52,736,0.0759,41.01,val
2022-03-10 18:43:02,737,0.0883,38.57,train
2022-03-10 18:43:02,737,0.0902,34.14,val
2022-03-10 18:43:11,738,0.0909,37.87,train
2022-03-10 18:43:11,738,0.0903,33.78,val
2022-03-10 18:43:20,739,0.0895,38.21,train
2022-03-10 18:43:20,739,0.0977,31.99,val
2022-03-10 18:43:29,740,0.0870,39.35,train
2022-03-10 18:43:29,740,0.0888,34.40,val
2022-03-10 18:43:38,741,0.0891,38.28,train
2022-03-10 18:43:38,741,0.0804,34.67,val
2022-03-10 18:43:48,742,0.0885,39.08,train
2022-03-10 18:43:48,742,0.0669,51.28,val
2022-03-10 18:43:58,743,0.0869,39.32,train
2022-03-10 18:43:58,743,0.0860,43.42,val
2022-03-10 18:44:07,744,0.0902,38.72,train
2022-03-10 18:44:07,744,0.0863,34.67,val
2022-03-10 18:44:16,745,0.0872,38.97,train
2022-03-10 18:44:16,745,0.0677,48.42,val
2022-03-10 18:44:25,746,0.0888,39.43,train
2022-03-10 18:44:25,746,0.0850,34.32,val
2022-03-10 18:44:34,747,0.0911,37.70,train
2022-03-10 18:44:34,747,0.0698,46.37,val
2022-03-10 18:44:42,748,0.0876,39.61,train
2022-03-10 18:44:42,748,0.0811,34.40,val
2022-03-10 18:44:51,749,0.0888,39.30,train
2022-03-10 18:44:51,749,0.0683,45.57,val
2022-03-10 18:45:01,750,0.0882,39.25,train
2022-03-10 18:45:01,750,0.0735,40.21,val
2022-03-10 18:45:10,751,0.0878,39.97,train
2022-03-10 18:45:10,751,0.0694,45.65,val
2022-03-10 18:45:19,752,0.0891,38.37,train
2022-03-10 18:45:19,752,0.0974,41.19,val
2022-03-10 18:45:28,753,0.0890,39.30,train
2022-03-10 18:45:28,753,0.0837,38.69,val
2022-03-10 18:45:37,754,0.0905,38.51,train
2022-03-10 18:45:37,754,0.1116,35.83,val
2022-03-10 18:45:46,755,0.0888,38.38,train
2022-03-10 18:45:46,755,0.1106,30.21,val
2022-03-10 18:45:56,756,0.0886,39.39,train
2022-03-10 18:45:56,756,0.0860,43.42,val
2022-03-10 18:46:05,757,0.0904,37.78,train
2022-03-10 18:46:05,757,0.0687,50.48,val
2022-03-10 18:46:14,758,0.0873,39.56,train
2022-03-10 18:46:14,758,0.0873,36.64,val
2022-03-10 18:46:24,759,0.0897,38.76,train
2022-03-10 18:46:24,759,0.0783,48.33,val
2022-03-10 18:46:33,760,0.0914,38.06,train
2022-03-10 18:46:33,760,0.0851,41.46,val
2022-03-10 18:46:43,761,0.0876,38.94,train
2022-03-10 18:46:43,761,0.0635,55.83,val
2022-03-10 18:46:53,762,0.0881,38.96,train
2022-03-10 18:46:53,762,0.0826,36.28,val
2022-03-10 18:47:02,763,0.0866,40.12,train
2022-03-10 18:47:02,763,0.0964,28.87,val
2022-03-10 18:47:11,764,0.0881,39.16,train
2022-03-10 18:47:11,764,0.0720,42.35,val
2022-03-10 18:47:20,765,0.0913,38.51,train
2022-03-10 18:47:20,765,0.0797,41.73,val
2022-03-10 18:47:30,766,0.0899,37.44,train
2022-03-10 18:47:30,766,0.0889,32.08,val
2022-03-10 18:47:39,767,0.0888,38.16,train
2022-03-10 18:47:39,767,0.0701,44.58,val
2022-03-10 18:47:48,768,0.0865,39.91,train
2022-03-10 18:47:48,768,0.0953,26.99,val
2022-03-10 18:47:57,769,0.0900,38.41,train
2022-03-10 18:47:57,769,0.0960,29.14,val
2022-03-10 18:48:06,770,0.0880,38.87,train
2022-03-10 18:48:06,770,0.0850,37.44,val
2022-03-10 18:48:15,771,0.0879,39.13,train
2022-03-10 18:48:15,771,0.1083,30.48,val
2022-03-10 18:48:25,772,0.0863,39.16,train
2022-03-10 18:48:25,772,0.0879,37.53,val
2022-03-10 18:48:34,773,0.0909,37.69,train
2022-03-10 18:48:34,773,0.0882,39.23,val
2022-03-10 18:48:43,774,0.0896,38.17,train
2022-03-10 18:48:43,774,0.0843,37.17,val
2022-03-10 18:48:52,775,0.0899,38.73,train
2022-03-10 18:48:52,775,0.0669,51.28,val
2022-03-10 18:49:03,776,0.0886,39.13,train
2022-03-10 18:49:03,776,0.1066,36.01,val
2022-03-10 18:49:12,777,0.0904,38.33,train
2022-03-10 18:49:12,777,0.0796,36.46,val
2022-03-10 18:49:21,778,0.0895,38.46,train
2022-03-10 18:49:21,778,0.0804,34.67,val
2022-03-10 18:49:29,779,0.0884,38.75,train
2022-03-10 18:49:29,779,0.1158,27.71,val
2022-03-10 18:49:38,780,0.0893,37.96,train
2022-03-10 18:49:38,780,0.0792,38.07,val
2022-03-10 18:49:48,781,0.0917,37.68,train
2022-03-10 18:49:48,781,0.0980,39.58,val
2022-03-10 18:49:58,782,0.0854,40.39,train
2022-03-10 18:49:58,782,0.0897,30.92,val
2022-03-10 18:50:07,783,0.0907,38.37,train
2022-03-10 18:50:07,783,0.0773,43.15,val
2022-03-10 18:50:16,784,0.0883,39.02,train
2022-03-10 18:50:16,784,0.0769,39.85,val
2022-03-10 18:50:25,785,0.0890,38.60,train
2022-03-10 18:50:25,785,0.0802,44.23,val
2022-03-10 18:50:35,786,0.0918,38.82,train
2022-03-10 18:50:35,786,0.0750,47.35,val
2022-03-10 18:50:44,787,0.0862,39.83,train
2022-03-10 18:50:44,787,0.0877,40.39,val
2022-03-10 18:50:53,788,0.0878,38.76,train
2022-03-10 18:50:53,788,0.1166,28.96,val
2022-03-10 18:51:02,789,0.0911,39.00,train
2022-03-10 18:51:02,789,0.0928,36.90,val
2022-03-10 18:51:12,790,0.0872,38.95,train
2022-03-10 18:51:12,790,0.0715,43.51,val
2022-03-10 18:51:22,791,0.0905,38.26,train
2022-03-10 18:51:22,791,0.1041,27.17,val
2022-03-10 18:51:31,792,0.0911,38.98,train
2022-03-10 18:51:31,792,0.0863,34.67,val
2022-03-10 18:51:40,793,0.0897,39.32,train
2022-03-10 18:51:40,793,0.0806,41.37,val
2022-03-10 18:51:48,794,0.0889,38.39,train
2022-03-10 18:51:48,794,0.0753,44.76,val
2022-03-10 18:51:58,795,0.0867,38.87,train
2022-03-10 18:51:58,795,0.0700,46.10,val
2022-03-10 18:52:07,796,0.0916,37.78,train
2022-03-10 18:52:07,796,0.0681,46.90,val
2022-03-10 18:52:17,797,0.0872,39.54,train
2022-03-10 18:52:17,797,0.0990,29.58,val
2022-03-10 18:52:26,798,0.0923,38.11,train
2022-03-10 18:52:26,798,0.1007,36.19,val
2022-03-10 18:52:34,799,0.0891,38.98,train
2022-03-10 18:52:34,799,0.0987,26.99,val
2022-03-10 18:52:43,800,0.0906,38.37,train
2022-03-10 18:52:43,800,0.1162,34.40,val
2022-03-10 18:52:53,801,0.0907,38.63,train
2022-03-10 18:52:53,801,0.0862,39.94,val
2022-03-10 18:53:02,802,0.0905,37.84,train
2022-03-10 18:53:02,802,0.1397,30.30,val
2022-03-10 18:53:11,803,0.0892,38.55,train
2022-03-10 18:53:11,803,0.0884,30.21,val
2022-03-10 18:53:20,804,0.0870,39.37,train
2022-03-10 18:53:20,804,0.0854,36.55,val
2022-03-10 18:53:30,805,0.0909,37.95,train
2022-03-10 18:53:30,805,0.0730,45.21,val
2022-03-10 18:53:39,806,0.0901,39.36,train
2022-03-10 18:53:39,806,0.0890,32.53,val
2022-03-10 18:53:49,807,0.0914,38.67,train
2022-03-10 18:53:49,807,0.0882,42.35,val
2022-03-10 18:53:59,808,0.0895,38.99,train
2022-03-10 18:53:59,808,0.1063,34.58,val
2022-03-10 18:54:08,809,0.0880,39.27,train
2022-03-10 18:54:08,809,0.0814,41.64,val
2022-03-10 18:54:18,810,0.0905,37.76,train
2022-03-10 18:54:18,810,0.0862,35.12,val
2022-03-10 18:54:28,811,0.0902,39.45,train
2022-03-10 18:54:28,811,0.1128,27.89,val
2022-03-10 18:54:37,812,0.0883,39.16,train
2022-03-10 18:54:37,812,0.1167,30.48,val
2022-03-10 18:54:46,813,0.0909,38.00,train
2022-03-10 18:54:46,813,0.0975,41.46,val
2022-03-10 18:54:55,814,0.0885,38.35,train
2022-03-10 18:54:55,814,0.0850,33.96,val
2022-03-10 18:55:04,815,0.0869,39.12,train
2022-03-10 18:55:04,815,0.0813,34.23,val
2022-03-10 18:55:13,816,0.0908,38.05,train
2022-03-10 18:55:13,816,0.1162,30.39,val
2022-03-10 18:55:22,817,0.0902,38.64,train
2022-03-10 18:55:22,817,0.0862,39.94,val
2022-03-10 18:55:31,818,0.0884,38.95,train
2022-03-10 18:55:31,818,0.0872,32.62,val
2022-03-10 18:55:40,819,0.0929,37.56,train
2022-03-10 18:55:40,819,0.1166,28.96,val
2022-03-10 18:55:49,820,0.0914,38.11,train
2022-03-10 18:55:49,820,0.0791,44.14,val
2022-03-10 18:55:58,821,0.0877,39.78,train
2022-03-10 18:55:58,821,0.0889,35.48,val
2022-03-10 18:56:08,822,0.0899,38.50,train
2022-03-10 18:56:08,822,0.0662,50.92,val
2022-03-10 18:56:17,823,0.0868,39.09,train
2022-03-10 18:56:17,823,0.0847,37.89,val
2022-03-10 18:56:26,824,0.0877,39.45,train
2022-03-10 18:56:26,824,0.0972,42.44,val
2022-03-10 18:56:36,825,0.0891,38.88,train
2022-03-10 18:56:36,825,0.0844,38.96,val
2022-03-10 18:56:45,826,0.0898,38.25,train
2022-03-10 18:56:45,826,0.0852,36.28,val
2022-03-10 18:56:54,827,0.0919,38.42,train
2022-03-10 18:56:54,827,0.0741,44.85,val
2022-03-10 18:57:04,828,0.0869,40.19,train
2022-03-10 18:57:04,828,0.0912,36.10,val
2022-03-10 18:57:13,829,0.0887,38.53,train
2022-03-10 18:57:13,829,0.0687,50.48,val
2022-03-10 18:57:23,830,0.0878,39.43,train
2022-03-10 18:57:23,830,0.0713,45.57,val
2022-03-10 18:57:32,831,0.0910,38.16,train
2022-03-10 18:57:32,831,0.0655,51.82,val
2022-03-10 18:57:41,832,0.0887,39.07,train
2022-03-10 18:57:41,832,0.0752,42.35,val
2022-03-10 18:57:50,833,0.0917,38.32,train
2022-03-10 18:57:50,833,0.1088,28.96,val
2022-03-10 18:58:00,834,0.0878,39.32,train
2022-03-10 18:58:00,834,0.1397,30.30,val
2022-03-10 18:58:09,835,0.0908,38.43,train
2022-03-10 18:58:09,835,0.0834,37.98,val
2022-03-10 18:58:18,836,0.0882,39.10,train
2022-03-10 18:58:18,836,0.0795,42.44,val
2022-03-10 18:58:27,837,0.0886,38.44,train
2022-03-10 18:58:27,837,0.0822,35.39,val
2022-03-10 18:58:37,838,0.0877,39.36,train
2022-03-10 18:58:37,838,0.0850,37.44,val
2022-03-10 18:58:46,839,0.0901,37.77,train
2022-03-10 18:58:46,839,0.1141,28.24,val
2022-03-10 18:58:55,840,0.0869,39.76,train
2022-03-10 18:58:55,840,0.0776,40.83,val
2022-03-10 18:59:05,841,0.0896,39.36,train
2022-03-10 18:59:05,841,0.0880,28.24,val
2022-03-10 18:59:14,842,0.0873,39.49,train
2022-03-10 18:59:14,842,0.0873,37.17,val
2022-03-10 18:59:24,843,0.0915,37.97,train
2022-03-10 18:59:24,843,0.0750,43.07,val
2022-03-10 18:59:33,844,0.0886,38.50,train
2022-03-10 18:59:33,844,0.0951,31.37,val
2022-03-10 18:59:43,845,0.0856,40.58,train
2022-03-10 18:59:43,845,0.0851,36.19,val
2022-03-10 18:59:51,846,0.0867,40.59,train
2022-03-10 18:59:51,846,0.0747,43.87,val
2022-03-10 19:00:01,847,0.0896,38.46,train
2022-03-10 19:00:01,847,0.0717,41.01,val
2022-03-10 19:00:10,848,0.0887,39.13,train
2022-03-10 19:00:10,848,0.0731,38.24,val
2022-03-10 19:00:18,849,0.0876,39.36,train
2022-03-10 19:00:18,849,0.0827,37.53,val
2022-03-10 19:00:27,850,0.0928,37.61,train
2022-03-10 19:00:27,850,0.0809,41.90,val
2022-03-10 19:00:36,851,0.0892,38.86,train
2022-03-10 19:00:36,851,0.0856,38.60,val
2022-03-10 19:00:46,852,0.0873,39.73,train
2022-03-10 19:00:46,852,0.0910,30.21,val
2022-03-10 19:00:56,853,0.0886,39.05,train
2022-03-10 19:00:56,853,0.0808,38.87,val
2022-03-10 19:01:05,854,0.0881,39.32,train
2022-03-10 19:01:05,854,0.0973,37.44,val
2022-03-10 19:01:14,855,0.0914,37.77,train
2022-03-10 19:01:14,855,0.0858,37.98,val
2022-03-10 19:01:23,856,0.0912,37.12,train
2022-03-10 19:01:23,856,0.0827,37.53,val
2022-03-10 19:01:33,857,0.0876,38.83,train
2022-03-10 19:01:33,857,0.0910,34.23,val
2022-03-10 19:01:42,858,0.0887,38.69,train
2022-03-10 19:01:42,858,0.0961,36.46,val
2022-03-10 19:01:51,859,0.0906,38.30,train
2022-03-10 19:01:51,859,0.0976,41.37,val
2022-03-10 19:02:00,860,0.0932,38.12,train
2022-03-10 19:02:00,860,0.0812,37.98,val
2022-03-10 19:02:09,861,0.0907,38.18,train
2022-03-10 19:02:09,861,0.0989,37.98,val
2022-03-10 19:02:18,862,0.0868,38.97,train
2022-03-10 19:02:18,862,0.0752,40.74,val
2022-03-10 19:02:28,863,0.0872,39.09,train
2022-03-10 19:02:28,863,0.0843,34.94,val
2022-03-10 19:02:37,864,0.0904,37.99,train
2022-03-10 19:02:37,864,0.0832,35.65,val
2022-03-10 19:02:47,865,0.0852,40.19,train
2022-03-10 19:02:47,865,0.1207,41.19,val
2022-03-10 19:02:56,866,0.0888,39.20,train
2022-03-10 19:02:56,866,0.0705,46.55,val
2022-03-10 19:03:05,867,0.0892,38.90,train
2022-03-10 19:03:05,867,0.0862,30.48,val
2022-03-10 19:03:14,868,0.0880,39.40,train
2022-03-10 19:03:14,868,0.0898,35.57,val
2022-03-10 19:03:23,869,0.0900,38.69,train
2022-03-10 19:03:23,869,0.0748,45.12,val
2022-03-10 19:03:32,870,0.0918,38.12,train
2022-03-10 19:03:32,870,0.0827,48.69,val
2022-03-10 19:03:42,871,0.0897,38.97,train
2022-03-10 19:03:42,871,0.1239,36.73,val
2022-03-10 19:03:51,872,0.0872,39.89,train
2022-03-10 19:03:51,872,0.0804,32.71,val
2022-03-10 19:04:01,873,0.0908,38.01,train
2022-03-10 19:04:01,873,0.1157,32.44,val
2022-03-10 19:04:11,874,0.0896,38.23,train
2022-03-10 19:04:11,874,0.1002,31.10,val
2022-03-10 19:04:20,875,0.0870,39.98,train
2022-03-10 19:04:20,875,0.0987,26.99,val
2022-03-10 19:04:29,876,0.0916,37.97,train
2022-03-10 19:04:29,876,0.0842,35.30,val
2022-03-10 19:04:39,877,0.0869,39.66,train
2022-03-10 19:04:39,877,0.0814,41.64,val
2022-03-10 19:04:48,878,0.0885,38.56,train
2022-03-10 19:04:48,878,0.0879,43.33,val
2022-03-10 19:04:57,879,0.0891,38.13,train
2022-03-10 19:04:57,879,0.0813,34.23,val
2022-03-10 19:05:06,880,0.0884,39.00,train
2022-03-10 19:05:06,880,0.0888,29.76,val
2022-03-10 19:05:16,881,0.0901,38.26,train
2022-03-10 19:05:16,881,0.1303,28.60,val
2022-03-10 19:05:25,882,0.0894,38.11,train
2022-03-10 19:05:25,882,0.0930,30.12,val
2022-03-10 19:05:34,883,0.0891,37.72,train
2022-03-10 19:05:34,883,0.0730,41.90,val
2022-03-10 19:05:43,884,0.0874,39.61,train
2022-03-10 19:05:43,884,0.1167,27.08,val
2022-03-10 19:05:53,885,0.0899,38.53,train
2022-03-10 19:05:53,885,0.0686,46.64,val
2022-03-10 19:06:02,886,0.0894,38.53,train
2022-03-10 19:06:02,886,0.0716,46.46,val
2022-03-10 19:06:12,887,0.0883,38.78,train
2022-03-10 19:06:12,887,0.0727,41.55,val
2022-03-10 19:06:22,888,0.0909,38.00,train
2022-03-10 19:06:22,888,0.0781,44.40,val
2022-03-10 19:06:31,889,0.0880,38.63,train
2022-03-10 19:06:31,889,0.0869,37.62,val
2022-03-10 19:06:40,890,0.0882,39.76,train
2022-03-10 19:06:40,890,0.0821,36.28,val
2022-03-10 19:06:50,891,0.0890,39.05,train
2022-03-10 19:06:50,891,0.0703,45.65,val
2022-03-10 19:06:59,892,0.0914,37.34,train
2022-03-10 19:06:59,892,0.0768,43.69,val
2022-03-10 19:07:09,893,0.0893,38.36,train
2022-03-10 19:07:09,893,0.0877,33.78,val
2022-03-10 19:07:18,894,0.0875,38.85,train
2022-03-10 19:07:18,894,0.0957,33.78,val
2022-03-10 19:07:27,895,0.0907,37.11,train
2022-03-10 19:07:27,895,0.0713,45.57,val
2022-03-10 19:07:36,896,0.0903,38.53,train
2022-03-10 19:07:36,896,0.0926,33.51,val
2022-03-10 19:07:45,897,0.0889,39.36,train
2022-03-10 19:07:45,897,0.0737,38.15,val
2022-03-10 19:07:54,898,0.0895,38.25,train
2022-03-10 19:07:54,898,0.1192,31.28,val
2022-03-10 19:08:03,899,0.0870,39.83,train
2022-03-10 19:08:03,899,0.0713,46.10,val
2022-03-10 19:08:12,900,0.0879,39.81,train
2022-03-10 19:08:12,900,0.1028,36.73,val
2022-03-10 19:08:21,901,0.0872,38.57,train
2022-03-10 19:08:21,901,0.1086,29.49,val
2022-03-10 19:08:30,902,0.0881,38.45,train
2022-03-10 19:08:30,902,0.0800,38.42,val
2022-03-10 19:08:40,903,0.0899,39.04,train
2022-03-10 19:08:40,903,0.0751,42.71,val
2022-03-10 19:08:49,904,0.0872,38.89,train
2022-03-10 19:08:49,904,0.0883,36.99,val
2022-03-10 19:08:58,905,0.0882,38.59,train
2022-03-10 19:08:58,905,0.0999,27.35,val
2022-03-10 19:09:07,906,0.0898,38.09,train
2022-03-10 19:09:07,906,0.0947,29.40,val
2022-03-10 19:09:16,907,0.0888,39.07,train
2022-03-10 19:09:16,907,0.1034,37.89,val
2022-03-10 19:09:26,908,0.0873,39.93,train
2022-03-10 19:09:26,908,0.0782,37.71,val
2022-03-10 19:09:35,909,0.0920,38.76,train
2022-03-10 19:09:35,909,0.0712,44.05,val
2022-03-10 19:09:45,910,0.0877,38.79,train
2022-03-10 19:09:45,910,0.0750,38.69,val
2022-03-10 19:09:54,911,0.0873,39.25,train
2022-03-10 19:09:54,911,0.1148,28.60,val
2022-03-10 19:10:03,912,0.0926,37.72,train
2022-03-10 19:10:03,912,0.0886,36.90,val
2022-03-10 19:10:13,913,0.0889,38.78,train
2022-03-10 19:10:13,913,0.0994,37.08,val
2022-03-10 19:10:21,914,0.0862,40.20,train
2022-03-10 19:10:21,914,0.0832,35.65,val
2022-03-10 19:10:31,915,0.0909,37.93,train
2022-03-10 19:10:31,915,0.0812,45.21,val
2022-03-10 19:10:40,916,0.0926,38.17,train
2022-03-10 19:10:40,916,0.1191,28.07,val
2022-03-10 19:10:49,917,0.0906,38.47,train
2022-03-10 19:10:49,917,0.0687,50.48,val
2022-03-10 19:10:59,918,0.0912,38.46,train
2022-03-10 19:10:59,918,0.0903,33.78,val
2022-03-10 19:11:08,919,0.0939,38.12,train
2022-03-10 19:11:08,919,0.0683,45.57,val
2022-03-10 19:11:17,920,0.0907,37.58,train
2022-03-10 19:11:17,920,0.0709,46.19,val
2022-03-10 19:11:27,921,0.0917,38.63,train
2022-03-10 19:11:27,921,0.0996,34.05,val
2022-03-10 19:11:37,922,0.0885,38.32,train
2022-03-10 19:11:37,922,0.0759,41.01,val
2022-03-10 19:11:47,923,0.0931,37.70,train
2022-03-10 19:11:47,923,0.0747,40.12,val
2022-03-10 19:11:56,924,0.0888,37.92,train
2022-03-10 19:11:56,924,0.0826,32.26,val
2022-03-10 19:12:05,925,0.0905,38.51,train
2022-03-10 19:12:05,925,0.0842,36.82,val
2022-03-10 19:12:14,926,0.0903,38.90,train
2022-03-10 19:12:14,926,0.0825,36.10,val
2022-03-10 19:12:24,927,0.0879,39.16,train
2022-03-10 19:12:24,927,0.0897,29.49,val
2022-03-10 19:12:33,928,0.0879,38.85,train
2022-03-10 19:12:33,928,0.0729,39.14,val
2022-03-10 19:12:43,929,0.0898,39.26,train
2022-03-10 19:12:43,929,0.1205,41.28,val
2022-03-10 19:12:52,930,0.0873,39.73,train
2022-03-10 19:12:52,930,0.0913,33.78,val
2022-03-10 19:13:01,931,0.0915,38.35,train
2022-03-10 19:13:01,931,0.0791,36.73,val
2022-03-10 19:13:10,932,0.0900,38.85,train
2022-03-10 19:13:10,932,0.1158,34.85,val
2022-03-10 19:13:20,933,0.0913,38.14,train
2022-03-10 19:13:20,933,0.1041,30.57,val
2022-03-10 19:13:29,934,0.0896,38.22,train
2022-03-10 19:13:29,934,0.1071,36.19,val
2022-03-10 19:13:38,935,0.0857,40.33,train
2022-03-10 19:13:38,935,0.0666,50.65,val
2022-03-10 19:13:48,936,0.0891,38.30,train
2022-03-10 19:13:48,936,0.1069,34.14,val
2022-03-10 19:13:58,937,0.0909,38.05,train
2022-03-10 19:13:58,937,0.0938,29.58,val
2022-03-10 19:14:07,938,0.0926,38.36,train
2022-03-10 19:14:07,938,0.0873,39.85,val
2022-03-10 19:14:16,939,0.0912,38.40,train
2022-03-10 19:14:16,939,0.0701,48.07,val
2022-03-10 19:14:25,940,0.0867,39.91,train
2022-03-10 19:14:25,940,0.0812,37.98,val
2022-03-10 19:14:35,941,0.0925,37.53,train
2022-03-10 19:14:35,941,0.0830,36.46,val
2022-03-10 19:14:45,942,0.0890,38.38,train
2022-03-10 19:14:45,942,0.1101,28.24,val
2022-03-10 19:14:54,943,0.0899,39.10,train
2022-03-10 19:14:54,943,0.0791,39.23,val
2022-03-10 19:15:03,944,0.0910,38.77,train
2022-03-10 19:15:03,944,0.0961,29.58,val
2022-03-10 19:15:12,945,0.0918,37.89,train
2022-03-10 19:15:12,945,0.0690,50.21,val
2022-03-10 19:15:21,946,0.0888,38.60,train
2022-03-10 19:15:21,946,0.1132,30.48,val
2022-03-10 19:15:31,947,0.0887,39.26,train
2022-03-10 19:15:31,947,0.0804,37.98,val
2022-03-10 19:15:40,948,0.0886,39.18,train
2022-03-10 19:15:40,948,0.0828,37.08,val
2022-03-10 19:15:49,949,0.0904,38.13,train
2022-03-10 19:15:49,949,0.0813,39.14,val
2022-03-10 19:15:58,950,0.0883,38.79,train
2022-03-10 19:15:58,950,0.0943,28.07,val
2022-03-10 19:16:08,951,0.0907,38.62,train
2022-03-10 19:16:08,951,0.0753,44.76,val
2022-03-10 19:16:18,952,0.0885,39.30,train
2022-03-10 19:16:18,952,0.0798,35.12,val
2022-03-10 19:16:27,953,0.0874,38.67,train
2022-03-10 19:16:27,953,0.1395,26.55,val
2022-03-10 19:16:36,954,0.0930,37.47,train
2022-03-10 19:16:36,954,0.0919,35.74,val
2022-03-10 19:16:45,955,0.0894,38.29,train
2022-03-10 19:16:45,955,0.0798,40.39,val
2022-03-10 19:16:54,956,0.0918,38.25,train
2022-03-10 19:16:54,956,0.0828,37.08,val
2022-03-10 19:17:03,957,0.0920,38.19,train
2022-03-10 19:17:03,957,0.0821,37.62,val
2022-03-10 19:17:12,958,0.0892,39.27,train
2022-03-10 19:17:12,958,0.0902,38.24,val
2022-03-10 19:17:22,959,0.0885,39.06,train
2022-03-10 19:17:22,959,0.0737,49.76,val
2022-03-10 19:17:31,960,0.0901,38.38,train
2022-03-10 19:17:31,960,0.0976,41.37,val
2022-03-10 19:17:41,961,0.0883,39.19,train
2022-03-10 19:17:41,961,0.0677,46.82,val
2022-03-10 19:17:50,962,0.0862,40.06,train
2022-03-10 19:17:50,962,0.0935,32.08,val
2022-03-10 19:17:59,963,0.0902,38.47,train
2022-03-10 19:17:59,963,0.0927,36.46,val
2022-03-10 19:18:09,964,0.0896,38.52,train
2022-03-10 19:18:09,964,0.0827,37.53,val
2022-03-10 19:18:18,965,0.0870,39.37,train
2022-03-10 19:18:18,965,0.1007,36.19,val
2022-03-10 19:18:27,966,0.0907,38.21,train
2022-03-10 19:18:27,966,0.0811,41.99,val
2022-03-10 19:18:37,967,0.0926,37.64,train
2022-03-10 19:18:37,967,0.0996,38.33,val
2022-03-10 19:18:46,968,0.0896,38.82,train
2022-03-10 19:18:46,968,0.1322,27.80,val
2022-03-10 19:18:56,969,0.0883,38.76,train
2022-03-10 19:18:56,969,0.0816,36.37,val
2022-03-10 19:19:05,970,0.0869,39.22,train
2022-03-10 19:19:05,970,0.0901,29.49,val
2022-03-10 19:19:14,971,0.0876,38.72,train
2022-03-10 19:19:14,971,0.0889,36.10,val
2022-03-10 19:19:23,972,0.0883,38.52,train
2022-03-10 19:19:23,972,0.0842,36.82,val
2022-03-10 19:19:32,973,0.0894,38.34,train
2022-03-10 19:19:32,973,0.0878,36.19,val
2022-03-10 19:19:41,974,0.0889,39.07,train
2022-03-10 19:19:41,974,0.0892,37.62,val
2022-03-10 19:19:50,975,0.0869,39.75,train
2022-03-10 19:19:50,975,0.1004,38.07,val
2022-03-10 19:20:00,976,0.0875,39.73,train
2022-03-10 19:20:00,976,0.0787,40.74,val
2022-03-10 19:20:10,977,0.0900,38.20,train
2022-03-10 19:20:10,977,0.0829,41.10,val
2022-03-10 19:20:19,978,0.0889,38.86,train
2022-03-10 19:20:19,978,0.0716,46.46,val
2022-03-10 19:20:28,979,0.0881,38.41,train
2022-03-10 19:20:28,979,0.1019,35.12,val
2022-03-10 19:20:38,980,0.0888,38.26,train
2022-03-10 19:20:38,980,0.0816,37.71,val
2022-03-10 19:20:46,981,0.0905,38.07,train
2022-03-10 19:20:46,981,0.0989,30.74,val
2022-03-10 19:20:56,982,0.0875,40.29,train
2022-03-10 19:20:56,982,0.1187,28.07,val
2022-03-10 19:21:05,983,0.0898,39.24,train
2022-03-10 19:21:05,983,0.0821,32.89,val
2022-03-10 19:21:15,984,0.0871,39.45,train
2022-03-10 19:21:15,984,0.0835,40.65,val
2022-03-10 19:21:24,985,0.0900,38.20,train
2022-03-10 19:21:24,985,0.0862,35.12,val
2022-03-10 19:21:33,986,0.0874,39.12,train
2022-03-10 19:21:33,986,0.0766,39.94,val
2022-03-10 19:21:42,987,0.0904,38.25,train
2022-03-10 19:21:42,987,0.0943,28.07,val
2022-03-10 19:21:51,988,0.0918,37.34,train
2022-03-10 19:21:51,988,0.1116,29.14,val
2022-03-10 19:22:00,989,0.0897,38.43,train
2022-03-10 19:22:00,989,0.0792,39.58,val
2022-03-10 19:22:10,990,0.0927,38.16,train
2022-03-10 19:22:10,990,0.0956,34.49,val
2022-03-10 19:22:19,991,0.0894,38.30,train
2022-03-10 19:22:19,991,0.0990,38.96,val
2022-03-10 19:22:29,992,0.0867,39.04,train
2022-03-10 19:22:29,992,0.0690,48.07,val
2022-03-10 19:22:38,993,0.0873,39.87,train
2022-03-10 19:22:38,993,0.0816,41.82,val
2022-03-10 19:22:47,994,0.0936,37.82,train
2022-03-10 19:22:47,994,0.0969,39.23,val
2022-03-10 19:22:56,995,0.0885,38.80,train
2022-03-10 19:22:56,995,0.0754,45.83,val
2022-03-10 19:23:05,996,0.0866,38.93,train
2022-03-10 19:23:05,996,0.0729,39.14,val
2022-03-10 19:23:14,997,0.0896,38.00,train
2022-03-10 19:23:14,997,0.0890,43.24,val
2022-03-10 19:23:23,998,0.0880,38.90,train
2022-03-10 19:23:23,998,0.0677,48.42,val
2022-03-10 19:23:32,999,0.0891,38.18,train
2022-03-10 19:23:32,999,0.1382,30.65,val
